#
# There is insufficient memory for the Java Runtime Environment to continue.
# Native memory allocation (mmap) failed to map 70254592 bytes. Error detail: G1 virtual space
# Possible reasons:
#   The system is out of physical RAM or swap space
#   This process is running with CompressedOops enabled, and the Java Heap may be blocking the growth of the native heap
# Possible solutions:
#   Reduce memory load on the system
#   Increase physical memory or swap space
#   Check if swap backing store is full
#   Decrease Java heap size (-Xmx/-Xms)
#   Decrease number of Java threads
#   Decrease Java thread stack sizes (-Xss)
#   Set larger code cache with -XX:ReservedCodeCacheSize=
#   JVM is running with Unscaled Compressed Oops mode in which the Java heap is
#     placed in the first 4GB address space. The Java Heap base address is the
#     maximum limit for the native heap growth. Please use -XX:HeapBaseMinAddress
#     to set the Java Heap base and to place the Java Heap above 4GB virtual address.
# This output file may be truncated or incomplete.
#
#  Out of Memory Error (os_windows.cpp:3825), pid=13428, tid=11400
#
# JRE version: OpenJDK Runtime Environment JBR-17.0.11+1-1312.2-nomod (17.0.11+1) (build 17.0.11+1-b1312.2)
# Java VM: OpenJDK 64-Bit Server VM JBR-17.0.11+1-1312.2-nomod (17.0.11+1-b1312.2, mixed mode, sharing, tiered, compressed oops, compressed class ptrs, g1 gc, windows-amd64)
# No core dump will be written. Minidumps are not enabled by default on client versions of Windows
#

---------------  S U M M A R Y ------------

Command Line: --add-opens=java.base/java.util=ALL-UNNAMED --add-opens=java.base/java.lang=ALL-UNNAMED --add-opens=java.base/java.lang.invoke=ALL-UNNAMED --add-opens=java.prefs/java.util.prefs=ALL-UNNAMED --add-exports=jdk.compiler/com.sun.tools.javac.api=ALL-UNNAMED --add-exports=jdk.compiler/com.sun.tools.javac.util=ALL-UNNAMED --add-opens=java.base/java.nio.charset=ALL-UNNAMED --add-opens=java.base/java.net=ALL-UNNAMED --add-opens=java.base/java.util.concurrent.atomic=ALL-UNNAMED -Xmx2048m -Dfile.encoding=UTF-8 -Duser.country=US -Duser.language=en -Duser.variant -javaagent:C:\Users\irfan\.gradle\wrapper\dists\gradle-8.9-bin\90cnw93cvbtalezasaz0blq0a\gradle-8.9\lib\agents\gradle-instrumentation-agent-8.9.jar org.gradle.launcher.daemon.bootstrap.GradleDaemon 8.9

Host: Intel(R) Core(TM) i7-5500U CPU @ 2.40GHz, 4 cores, 7G,  Windows 11 , 64 bit Build 22621 (10.0.22621.3958)
Time: Sat Feb 22 02:20:34 2025 Pakistan Standard Time elapsed time: 4302.129026 seconds (0d 1h 11m 42s)

---------------  T H R E A D  ---------------

Current thread (0x0000023eabd0d7a0):  VMThread "VM Thread" [stack: 0x000000cbf6d00000,0x000000cbf6e00000] [id=11400]

Stack: [0x000000cbf6d00000,0x000000cbf6e00000]
Native frames: (J=compiled Java code, j=interpreted, Vv=VM code, C=native code)
V  [jvm.dll+0x687839]  os::platform_print_native_stack+0xd9  (os_windows_x86.cpp:235)
V  [jvm.dll+0x8411ea]  VMError::report+0xc6a  (vmError.cpp:868)
V  [jvm.dll+0x842e6e]  VMError::report_and_die+0x78e  (vmError.cpp:1766)
V  [jvm.dll+0x8434d3]  VMError::report_and_die+0x43  (vmError.cpp:1552)
V  [jvm.dll+0x249faf]  report_vm_out_of_memory+0x8f  (debug.cpp:321)
V  [jvm.dll+0x684609]  os::pd_commit_memory_or_exit+0xc9  (os_windows.cpp:3833)
V  [jvm.dll+0x678eba]  os::commit_memory_or_exit+0x2a  (os.cpp:1732)
V  [jvm.dll+0x30ab1b]  G1PageBasedVirtualSpace::commit+0x19b  (g1PageBasedVirtualSpace.cpp:204)
V  [jvm.dll+0x311fc6]  G1RegionsLargerThanCommitSizeMapper::commit_regions+0x96  (g1RegionToSpaceMapper.cpp:100)
V  [jvm.dll+0x361a2e]  HeapRegionManager::expand_any+0xee  (heapRegionManager.cpp:363)
V  [jvm.dll+0x361c5f]  HeapRegionManager::expand_by+0x7f  (heapRegionManager.cpp:380)
V  [jvm.dll+0x2e0948]  G1CollectedHeap::expand+0xb8  (g1CollectedHeap.cpp:1298)
V  [jvm.dll+0x2ded54]  G1CollectedHeap::do_collection_pause_at_safepoint_helper+0x9e4  (g1CollectedHeap.cpp:3049)
V  [jvm.dll+0x2de35c]  G1CollectedHeap::do_collection_pause_at_safepoint+0x5c  (g1CollectedHeap.cpp:2912)
V  [jvm.dll+0x322c8b]  VM_G1CollectForAllocation::doit+0x6b  (g1VMOperations.cpp:146)
V  [jvm.dll+0x847bcb]  VM_Operation::evaluate+0xfb  (vmOperations.cpp:73)
V  [jvm.dll+0x848902]  VMThread::evaluate_operation+0xd2  (vmThread.cpp:269)
V  [jvm.dll+0x848e1d]  VMThread::inner_execute+0x1ad  (vmThread.cpp:417)
V  [jvm.dll+0x8491f4]  VMThread::loop+0x254  (vmThread.cpp:481)
V  [jvm.dll+0x8492c0]  VMThread::run+0x70  (vmThread.cpp:167)
V  [jvm.dll+0x7ef7ea]  Thread::call_run+0x8a  (thread.cpp:405)
V  [jvm.dll+0x6866b5]  thread_native_entry+0x75  (os_windows.cpp:550)
C  [ucrtbase.dll+0x29333]
C  [KERNEL32.DLL+0x1257d]
C  [ntdll.dll+0x5af08]

VM_Operation (0x000000cbf9efb400): G1CollectForAllocation, mode: safepoint, requested by thread 0x0000023ef5b536c0


---------------  P R O C E S S  ---------------

Threads class SMR info:
_java_thread_list=0x0000023ef359df40, length=75, elements={
0x0000023e9247b640, 0x0000023eabd0ff50, 0x0000023eabd10dd0, 0x0000023eabd28930,
0x0000023eabd294f0, 0x0000023eabd2bec0, 0x0000023eabd2c880, 0x0000023eabd2d620,
0x0000023eabd37b60, 0x0000023eabd4caa0, 0x0000023ef10b93f0, 0x0000023ef1162380,
0x0000023ef23b5430, 0x0000023ef2eeafc0, 0x0000023ef2f30010, 0x0000023ef235c910,
0x0000023ef235e770, 0x0000023ef235c400, 0x0000023ef235bef0, 0x0000023ef235f190,
0x0000023ef3586ab0, 0x0000023ef3585160, 0x0000023ef3589d50, 0x0000023ef2839c20,
0x0000023ef520b510, 0x0000023ef5208780, 0x0000023ef5206410, 0x0000023ef235e260,
0x0000023ef235d330, 0x0000023ef235ec80, 0x0000023ef235d840, 0x0000023ef235f6a0,
0x0000023ef235dd50, 0x0000023efd0fd350, 0x0000023efd0f9690, 0x0000023efd0f9ba0,
0x0000023efd0fbf10, 0x0000023efd0f7d40, 0x0000023efd0fe280, 0x0000023efd0fa0b0,
0x0000023efd0fa5c0, 0x0000023efd0fc420, 0x0000023efd0fb4f0, 0x0000023efd0fd860,
0x0000023efd0fba00, 0x0000023efd0fe790, 0x0000023efd0fce40, 0x0000023ef5b56e70,
0x0000023ef5b58cd0, 0x0000023ef5b536c0, 0x0000023ef5b52280, 0x0000023ef5b54b00,
0x0000023ef5b582b0, 0x0000023ef5b55a30, 0x0000023ef5b531b0, 0x0000023ef5b53bd0,
0x0000023ef5b545f0, 0x0000023ef5b57380, 0x0000023ef35874d0, 0x0000023ef3588e20,
0x0000023ef3589840, 0x0000023ef3587ef0, 0x0000023ef358a260, 0x0000023ef3588910,
0x0000023ef3584c50, 0x0000023ef3589330, 0x0000023ef3584230, 0x0000023ef520a5e0,
0x0000023ef5208270, 0x0000023ef5207d60, 0x0000023ef520ba20, 0x0000023ef5204ac0,
0x0000023ef52054e0, 0x0000023ef5205f00, 0x0000023ef5208c90
}

Java Threads: ( => current thread )
  0x0000023e9247b640 JavaThread "main" [_thread_blocked, id=8676, stack(0x000000cbf6700000,0x000000cbf6800000)]
  0x0000023eabd0ff50 JavaThread "Reference Handler" daemon [_thread_blocked, id=11168, stack(0x000000cbf6e00000,0x000000cbf6f00000)]
  0x0000023eabd10dd0 JavaThread "Finalizer" daemon [_thread_blocked, id=7716, stack(0x000000cbf6f00000,0x000000cbf7000000)]
  0x0000023eabd28930 JavaThread "Signal Dispatcher" daemon [_thread_blocked, id=13188, stack(0x000000cbf7000000,0x000000cbf7100000)]
  0x0000023eabd294f0 JavaThread "Attach Listener" daemon [_thread_blocked, id=9156, stack(0x000000cbf7100000,0x000000cbf7200000)]
  0x0000023eabd2bec0 JavaThread "Service Thread" daemon [_thread_blocked, id=7860, stack(0x000000cbf7200000,0x000000cbf7300000)]
  0x0000023eabd2c880 JavaThread "Monitor Deflation Thread" daemon [_thread_blocked, id=10164, stack(0x000000cbf7300000,0x000000cbf7400000)]
  0x0000023eabd2d620 JavaThread "C2 CompilerThread0" daemon [_thread_blocked, id=10600, stack(0x000000cbf7400000,0x000000cbf7500000)]
  0x0000023eabd37b60 JavaThread "C1 CompilerThread0" daemon [_thread_blocked, id=16296, stack(0x000000cbf7500000,0x000000cbf7600000)]
  0x0000023eabd4caa0 JavaThread "Sweeper thread" daemon [_thread_blocked, id=5676, stack(0x000000cbf7600000,0x000000cbf7700000)]
  0x0000023ef10b93f0 JavaThread "Common-Cleaner" daemon [_thread_blocked, id=3032, stack(0x000000cbf7700000,0x000000cbf7800000)]
  0x0000023ef1162380 JavaThread "Notification Thread" daemon [_thread_blocked, id=13472, stack(0x000000cbf7800000,0x000000cbf7900000)]
  0x0000023ef23b5430 JavaThread "Daemon health stats" [_thread_blocked, id=12960, stack(0x000000cbf7c00000,0x000000cbf7d00000)]
  0x0000023ef2eeafc0 JavaThread "Incoming local TCP Connector on port 54619" [_thread_in_native, id=16420, stack(0x000000cbf8000000,0x000000cbf8100000)]
  0x0000023ef2f30010 JavaThread "Daemon periodic checks" [_thread_blocked, id=7692, stack(0x000000cbf8100000,0x000000cbf8200000)]
  0x0000023ef235c910 JavaThread "Cache worker for journal cache (C:\Users\irfan\.gradle\caches\journal-1)" [_thread_blocked, id=16088, stack(0x000000cbf8200000,0x000000cbf8300000)]
  0x0000023ef235e770 JavaThread "File lock request listener" [_thread_in_native, id=12088, stack(0x000000cbf8a00000,0x000000cbf8b00000)]
  0x0000023ef235c400 JavaThread "Cache worker for file hash cache (C:\Users\irfan\.gradle\caches\8.9\fileHashes)" [_thread_blocked, id=10568, stack(0x000000cbf8b00000,0x000000cbf8c00000)]
  0x0000023ef235bef0 JavaThread "File watcher server" daemon [_thread_blocked, id=16760, stack(0x000000cbf9000000,0x000000cbf9100000)]
  0x0000023ef235f190 JavaThread "File watcher consumer" daemon [_thread_blocked, id=1088, stack(0x000000cbf9100000,0x000000cbf9200000)]
  0x0000023ef3586ab0 JavaThread "Cache worker for file content cache (C:\Users\irfan\.gradle\caches\8.9\fileContent)" [_thread_blocked, id=12072, stack(0x000000cbf9300000,0x000000cbf9400000)]
  0x0000023ef3585160 JavaThread "Memory manager" [_thread_blocked, id=15072, stack(0x000000cbfa000000,0x000000cbfa100000)]
  0x0000023ef3589d50 JavaThread "RMI Scheduler(0)" daemon [_thread_blocked, id=5488, stack(0x000000cbfc900000,0x000000cbfca00000)]
  0x0000023ef2839c20 JavaThread "RMI GC Daemon" daemon [_thread_blocked, id=15660, stack(0x000000cbfcb00000,0x000000cbfcc00000)]
  0x0000023ef520b510 JavaThread "RMI TCP Accept-0" daemon [_thread_in_native, id=12100, stack(0x000000cbfcc00000,0x000000cbfcd00000)]
  0x0000023ef5208780 JavaThread "RMI Reaper" [_thread_blocked, id=2984, stack(0x000000cbfcd00000,0x000000cbfce00000)]
  0x0000023ef5206410 JavaThread "Cache worker for Java compile cache (C:\Users\irfan\.gradle\caches\8.9\javaCompile)" [_thread_blocked, id=15988, stack(0x000000cbf6500000,0x000000cbf6600000)]
  0x0000023ef235e260 JavaThread "Daemon Thread 10" [_thread_blocked, id=15540, stack(0x000000cbf6400000,0x000000cbf6500000)]
  0x0000023ef235d330 JavaThread "Handler for socket connection from /127.0.0.1:54619 to /127.0.0.1:56294" [_thread_in_native, id=4168, stack(0x000000cbf6600000,0x000000cbf6700000)]
  0x0000023ef235ec80 JavaThread "Cancel handler" [_thread_blocked, id=6620, stack(0x000000cbf8300000,0x000000cbf8400000)]
  0x0000023ef235d840 JavaThread "Daemon worker Thread 10" [_thread_blocked, id=7120, stack(0x000000cbf8400000,0x000000cbf8500000)]
  0x0000023ef235f6a0 JavaThread "Asynchronous log dispatcher for DefaultDaemonConnection: socket connection from /127.0.0.1:54619 to /127.0.0.1:56294" [_thread_blocked, id=7112, stack(0x000000cbf8500000,0x000000cbf8600000)]
  0x0000023ef235dd50 JavaThread "Stdin handler" [_thread_blocked, id=7772, stack(0x000000cbf8600000,0x000000cbf8700000)]
  0x0000023efd0fd350 JavaThread "Daemon client event forwarder" [_thread_blocked, id=15036, stack(0x000000cbf8700000,0x000000cbf8800000)]
  0x0000023efd0f9690 JavaThread "Cache worker for file hash cache (C:\Users\irfan\AndroidStudioProjects\RentEase\.gradle\8.9\fileHashes)" [_thread_blocked, id=556, stack(0x000000cbf8800000,0x000000cbf8900000)]
  0x0000023efd0f9ba0 JavaThread "Cache worker for Build Output Cleanup Cache (C:\Users\irfan\AndroidStudioProjects\RentEase\.gradle\buildOutputCleanup)" [_thread_blocked, id=6440, stack(0x000000cbf8900000,0x000000cbf8a00000)]
  0x0000023efd0fbf10 JavaThread "Cache worker for checksums cache (C:\Users\irfan\AndroidStudioProjects\RentEase\.gradle\8.9\checksums)" [_thread_blocked, id=8172, stack(0x000000cbf8d00000,0x000000cbf8e00000)]
  0x0000023efd0f7d40 JavaThread "Cache worker for cache directory md-rule (C:\Users\irfan\.gradle\caches\8.9\md-rule)" [_thread_blocked, id=15908, stack(0x000000cbf8e00000,0x000000cbf8f00000)]
  0x0000023efd0fe280 JavaThread "Cache worker for cache directory md-supplier (C:\Users\irfan\.gradle\caches\8.9\md-supplier)" [_thread_blocked, id=5996, stack(0x000000cbf8f00000,0x000000cbf9000000)]
  0x0000023efd0fa0b0 JavaThread "Unconstrained build operations" [_thread_blocked, id=10832, stack(0x000000cbf9200000,0x000000cbf9300000)]
  0x0000023efd0fa5c0 JavaThread "Unconstrained build operations Thread 2" [_thread_blocked, id=12752, stack(0x000000cbf9400000,0x000000cbf9500000)]
  0x0000023efd0fc420 JavaThread "Unconstrained build operations Thread 3" [_thread_blocked, id=14964, stack(0x000000cbf9500000,0x000000cbf9600000)]
  0x0000023efd0fb4f0 JavaThread "Unconstrained build operations Thread 4" [_thread_blocked, id=14632, stack(0x000000cbf9600000,0x000000cbf9700000)]
  0x0000023efd0fd860 JavaThread "Unconstrained build operations Thread 5" [_thread_blocked, id=5432, stack(0x000000cbf9700000,0x000000cbf9800000)]
  0x0000023efd0fba00 JavaThread "Unconstrained build operations Thread 6" [_thread_blocked, id=13232, stack(0x000000cbf9800000,0x000000cbf9900000)]
  0x0000023efd0fe790 JavaThread "build event listener" [_thread_blocked, id=7040, stack(0x000000cbf9900000,0x000000cbf9a00000)]
  0x0000023efd0fce40 JavaThread "build event listener" [_thread_blocked, id=16788, stack(0x000000cbf9a00000,0x000000cbf9b00000)]
  0x0000023ef5b56e70 JavaThread "included builds" [_thread_blocked, id=13976, stack(0x000000cbf9c00000,0x000000cbf9d00000)]
  0x0000023ef5b58cd0 JavaThread "Execution worker" [_thread_blocked, id=12248, stack(0x000000cbf9d00000,0x000000cbf9e00000)]
  0x0000023ef5b536c0 JavaThread "Execution worker Thread 2" [_thread_blocked, id=5192, stack(0x000000cbf9e00000,0x000000cbf9f00000)]
  0x0000023ef5b52280 JavaThread "Execution worker Thread 3" [_thread_blocked, id=4012, stack(0x000000cbf9f00000,0x000000cbfa000000)]
  0x0000023ef5b54b00 JavaThread "Cache worker for execution history cache (C:\Users\irfan\AndroidStudioProjects\RentEase\.gradle\8.9\executionHistory)" [_thread_blocked, id=6828, stack(0x000000cbfa100000,0x000000cbfa200000)]
  0x0000023ef5b582b0 JavaThread "Unconstrained build operations Thread 7" [_thread_blocked, id=3656, stack(0x000000cbf9b00000,0x000000cbf9c00000)]
  0x0000023ef5b55a30 JavaThread "Unconstrained build operations Thread 8" [_thread_blocked, id=11712, stack(0x000000cbfa200000,0x000000cbfa300000)]
  0x0000023ef5b531b0 JavaThread "Unconstrained build operations Thread 9" [_thread_blocked, id=7052, stack(0x000000cbfa300000,0x000000cbfa400000)]
  0x0000023ef5b53bd0 JavaThread "Unconstrained build operations Thread 10" [_thread_blocked, id=5812, stack(0x000000cbfa400000,0x000000cbfa500000)]
  0x0000023ef5b545f0 JavaThread "Unconstrained build operations Thread 11" [_thread_blocked, id=11224, stack(0x000000cbfa500000,0x000000cbfa600000)]
  0x0000023ef5b57380 JavaThread "Unconstrained build operations Thread 12" [_thread_blocked, id=17384, stack(0x000000cbfa600000,0x000000cbfa700000)]
  0x0000023ef35874d0 JavaThread "WorkerExecutor Queue" [_thread_blocked, id=4088, stack(0x000000cbfa800000,0x000000cbfa900000)]
  0x0000023ef3588e20 JavaThread "WorkerExecutor Queue Thread 2" [_thread_blocked, id=5536, stack(0x000000cbfa700000,0x000000cbfa800000)]
  0x0000023ef3589840 JavaThread "Unconstrained build operations Thread 13" [_thread_blocked, id=5476, stack(0x000000cbfa900000,0x000000cbfaa00000)]
  0x0000023ef3587ef0 JavaThread "Unconstrained build operations Thread 14" [_thread_blocked, id=12828, stack(0x000000cbfaa00000,0x000000cbfab00000)]
  0x0000023ef358a260 JavaThread "Unconstrained build operations Thread 15" [_thread_blocked, id=3796, stack(0x000000cbfab00000,0x000000cbfac00000)]
  0x0000023ef3588910 JavaThread "Unconstrained build operations Thread 16" [_thread_blocked, id=12108, stack(0x000000cbfad00000,0x000000cbfae00000)]
  0x0000023ef3584c50 JavaThread "WorkerExecutor Queue Thread 3" [_thread_blocked, id=1488, stack(0x000000cbfae00000,0x000000cbfaf00000)]
  0x0000023ef3589330 JavaThread "pool-33-thread-1" [_thread_blocked, id=15248, stack(0x000000cbfaf00000,0x000000cbfb000000)]
  0x0000023ef3584230 JavaThread "stderr" [_thread_in_native, id=15080, stack(0x000000cbfb000000,0x000000cbfb100000)]
  0x0000023ef520a5e0 JavaThread "stdout" [_thread_in_native, id=7964, stack(0x000000cbfb100000,0x000000cbfb200000)]
  0x0000023ef5208270 JavaThread "Unconstrained build operations Thread 17" [_thread_blocked, id=13628, stack(0x000000cbfb200000,0x000000cbfb300000)]
  0x0000023ef5207d60 JavaThread "Unconstrained build operations Thread 18" [_thread_blocked, id=14480, stack(0x000000cbfb300000,0x000000cbfb400000)]
  0x0000023ef520ba20 JavaThread "Unconstrained build operations Thread 19" [_thread_blocked, id=4732, stack(0x000000cbfb400000,0x000000cbfb500000)]
  0x0000023ef5204ac0 JavaThread "WorkerExecutor Queue Thread 4" [_thread_blocked, id=10360, stack(0x000000cbfac00000,0x000000cbfad00000)]
  0x0000023ef52054e0 JavaThread "RMI RenewClean-[127.0.0.1:17794,org.jetbrains.kotlin.daemon.common.LoopbackNetworkInterface$ClientLoopbackSocketFactory@5eb23105]" daemon [_thread_blocked, id=12416, stack(0x000000cbfb500000,0x000000cbfb600000)]
  0x0000023ef5205f00 JavaThread "RMI TCP Connection(27)-127.0.0.1" daemon [_thread_in_native, id=8148, stack(0x000000cbfb600000,0x000000cbfb700000)]
  0x0000023ef5208c90 JavaThread "RMI TCP Connection(28)-127.0.0.1" daemon [_thread_in_native, id=16744, stack(0x000000cbfb700000,0x000000cbfb800000)]

Other Threads:
=>0x0000023eabd0d7a0 VMThread "VM Thread" [stack: 0x000000cbf6d00000,0x000000cbf6e00000] [id=11400]
  0x0000023e9247c4c0 WatcherThread [stack: 0x000000cbf7900000,0x000000cbf7a00000] [id=12420]
  0x0000023e924d5ad0 GCTaskThread "GC Thread#0" [stack: 0x000000cbf6800000,0x000000cbf6900000] [id=10196]
  0x0000023ef1271c20 GCTaskThread "GC Thread#1" [stack: 0x000000cbf7a00000,0x000000cbf7b00000] [id=8456]
  0x0000023ef1271ee0 GCTaskThread "GC Thread#2" [stack: 0x000000cbf7b00000,0x000000cbf7c00000] [id=2780]
  0x0000023ef222d8a0 GCTaskThread "GC Thread#3" [stack: 0x000000cbf7d00000,0x000000cbf7e00000] [id=5744]
  0x0000023e924e6a20 ConcurrentGCThread "G1 Main Marker" [stack: 0x000000cbf6900000,0x000000cbf6a00000] [id=6028]
  0x0000023e924e7440 ConcurrentGCThread "G1 Conc#0" [stack: 0x000000cbf6a00000,0x000000cbf6b00000] [id=608]
  0x0000023e9252d720 ConcurrentGCThread "G1 Refine#0" [stack: 0x000000cbf6b00000,0x000000cbf6c00000] [id=7568]
  0x0000023ef1480340 ConcurrentGCThread "G1 Refine#1" [stack: 0x000000cbf7e00000,0x000000cbf7f00000] [id=3044]
  0x0000023ef1196220 ConcurrentGCThread "G1 Refine#2" [stack: 0x000000cbf7f00000,0x000000cbf8000000] [id=5952]
  0x0000023ef31b22d0 ConcurrentGCThread "G1 Refine#3" [stack: 0x000000cbf8c00000,0x000000cbf8d00000] [id=11912]
  0x0000023e9252e150 ConcurrentGCThread "G1 Service" [stack: 0x000000cbf6c00000,0x000000cbf6d00000] [id=5664]

Threads with active compile tasks:
C2 CompilerThread0  4302672 36710       4       org.objectweb.asm.ClassReader::accept (1419 bytes)

VM state: at safepoint (normal execution)

VM Mutex/Monitor currently owned by a thread:  ([mutex/lock_event])
[0x0000023e92477d00] Threads_lock - owner thread: 0x0000023eabd0d7a0
[0x0000023e92478330] Heap_lock - owner thread: 0x0000023ef5b536c0

Heap address: 0x0000000080000000, size: 2048 MB, Compressed Oops mode: 32-bit

CDS archive(s) mapped at: [0x0000023eac000000-0x0000023eacc00000-0x0000023eacc00000), size 12582912, SharedBaseAddress: 0x0000023eac000000, ArchiveRelocationMode: 1.
Compressed class space mapped at: 0x0000023ead000000-0x0000023eed000000, reserved size: 1073741824
Narrow klass base: 0x0000023eac000000, Narrow klass shift: 0, Narrow klass range: 0x100000000

GC Precious Log:
 CPUs: 4 total, 4 available
 Memory: 8106M
 Large Page Support: Disabled
 NUMA Support: Disabled
 Compressed Oops: Enabled (32-bit)
 Heap Region Size: 1M
 Heap Min Capacity: 8M
 Heap Initial Capacity: 128M
 Heap Max Capacity: 2G
 Pre-touch: Disabled
 Parallel Workers: 4
 Concurrent Workers: 1
 Concurrent Refinement Workers: 4
 Periodic GC: Disabled

Heap:
 garbage-first heap   total 396288K, used 217092K [0x0000000080000000, 0x0000000100000000)
  region size 1024K, 2 young (2048K), 2 survivors (2048K)
 Metaspace       used 155542K, committed 157440K, reserved 1245184K
  class space    used 20915K, committed 21888K, reserved 1048576K

Heap Regions: E=young(eden), S=young(survivor), O=old, HS=humongous(starts), HC=humongous(continues), CS=collection set, F=free, OA=open archive, CA=closed archive, TAMS=top-at-mark-start (previous, next)
|   0|0x0000000080000000, 0x0000000080100000, 0x0000000080100000|100%|HS|  |TAMS 0x0000000080100000, 0x0000000080000000| Complete 
|   1|0x0000000080100000, 0x0000000080200000, 0x0000000080200000|100%|HC|  |TAMS 0x0000000080200000, 0x0000000080100000| Complete 
|   2|0x0000000080200000, 0x0000000080300000, 0x0000000080300000|100%|HC|  |TAMS 0x0000000080300000, 0x0000000080200000| Complete 
|   3|0x0000000080300000, 0x0000000080400000, 0x0000000080400000|100%|HC|  |TAMS 0x0000000080400000, 0x0000000080300000| Complete 
|   4|0x0000000080400000, 0x0000000080500000, 0x0000000080500000|100%| O|  |TAMS 0x0000000080500000, 0x0000000080400000| Untracked 
|   5|0x0000000080500000, 0x00000000805ffff8, 0x0000000080600000| 99%| O|  |TAMS 0x00000000805ffff8, 0x0000000080500000| Untracked 
|   6|0x0000000080600000, 0x0000000080700000, 0x0000000080700000|100%| O|  |TAMS 0x0000000080700000, 0x0000000080600000| Untracked 
|   7|0x0000000080700000, 0x00000000807ffff8, 0x0000000080800000| 99%| O|  |TAMS 0x00000000807ffff8, 0x0000000080700000| Untracked 
|   8|0x0000000080800000, 0x0000000080900000, 0x0000000080900000|100%|HS|  |TAMS 0x0000000080900000, 0x0000000080800000| Complete 
|   9|0x0000000080900000, 0x0000000080a00000, 0x0000000080a00000|100%| O|  |TAMS 0x0000000080a00000, 0x0000000080900000| Untracked 
|  10|0x0000000080a00000, 0x0000000080affff8, 0x0000000080b00000| 99%| O|  |TAMS 0x0000000080affff8, 0x0000000080a00000| Untracked 
|  11|0x0000000080b00000, 0x0000000080bfffb0, 0x0000000080c00000| 99%| O|  |TAMS 0x0000000080bfffb0, 0x0000000080b00000| Untracked 
|  12|0x0000000080c00000, 0x0000000080cfffe0, 0x0000000080d00000| 99%| O|  |TAMS 0x0000000080cfffe0, 0x0000000080c00000| Untracked 
|  13|0x0000000080d00000, 0x0000000080e00000, 0x0000000080e00000|100%| O|  |TAMS 0x0000000080e00000, 0x0000000080d00000| Untracked 
|  14|0x0000000080e00000, 0x0000000080f00000, 0x0000000080f00000|100%| O|  |TAMS 0x0000000080f00000, 0x0000000080e00000| Untracked 
|  15|0x0000000080f00000, 0x0000000081000000, 0x0000000081000000|100%| O|  |TAMS 0x0000000081000000, 0x0000000080f00000| Untracked 
|  16|0x0000000081000000, 0x0000000081100000, 0x0000000081100000|100%| O|  |TAMS 0x0000000081100000, 0x0000000081000000| Untracked 
|  17|0x0000000081100000, 0x0000000081200000, 0x0000000081200000|100%| O|  |TAMS 0x0000000081200000, 0x0000000081100000| Untracked 
|  18|0x0000000081200000, 0x00000000812ffff0, 0x0000000081300000| 99%| O|  |TAMS 0x00000000812ffff0, 0x0000000081200000| Untracked 
|  19|0x0000000081300000, 0x00000000813fffe8, 0x0000000081400000| 99%| O|  |TAMS 0x00000000813fffe8, 0x0000000081300000| Untracked 
|  20|0x0000000081400000, 0x00000000814fffe8, 0x0000000081500000| 99%| O|  |TAMS 0x00000000814fffe8, 0x0000000081400000| Untracked 
|  21|0x0000000081500000, 0x00000000815fffe0, 0x0000000081600000| 99%| O|  |TAMS 0x00000000815fffe0, 0x0000000081500000| Untracked 
|  22|0x0000000081600000, 0x00000000816fffe8, 0x0000000081700000| 99%| O|  |TAMS 0x00000000816fffe8, 0x0000000081600000| Untracked 
|  23|0x0000000081700000, 0x00000000817ffff0, 0x0000000081800000| 99%| O|  |TAMS 0x00000000817ffff0, 0x0000000081700000| Untracked 
|  24|0x0000000081800000, 0x00000000818ffff8, 0x0000000081900000| 99%| O|  |TAMS 0x00000000818ffff8, 0x0000000081800000| Untracked 
|  25|0x0000000081900000, 0x0000000081a00000, 0x0000000081a00000|100%| O|  |TAMS 0x0000000081a00000, 0x0000000081900000| Untracked 
|  26|0x0000000081a00000, 0x0000000081af4f48, 0x0000000081b00000| 95%| O|  |TAMS 0x0000000081af4f48, 0x0000000081a00000| Untracked 
|  27|0x0000000081b00000, 0x0000000081c00000, 0x0000000081c00000|100%| O|  |TAMS 0x0000000081c00000, 0x0000000081b00000| Untracked 
|  28|0x0000000081c00000, 0x0000000081cfffe0, 0x0000000081d00000| 99%| O|  |TAMS 0x0000000081cfffe0, 0x0000000081c00000| Untracked 
|  29|0x0000000081d00000, 0x0000000081dffff0, 0x0000000081e00000| 99%| O|  |TAMS 0x0000000081dffff0, 0x0000000081d00000| Untracked 
|  30|0x0000000081e00000, 0x0000000081effff0, 0x0000000081f00000| 99%| O|  |TAMS 0x0000000081effff0, 0x0000000081e00000| Untracked 
|  31|0x0000000081f00000, 0x0000000081ffffd8, 0x0000000082000000| 99%| O|  |TAMS 0x0000000081ffffd8, 0x0000000081f00000| Untracked 
|  32|0x0000000082000000, 0x0000000082043608, 0x0000000082100000| 26%| O|  |TAMS 0x0000000082043608, 0x0000000082000000| Untracked 
|  33|0x0000000082100000, 0x0000000082200000, 0x0000000082200000|100%| O|  |TAMS 0x0000000082100000, 0x0000000082100000| Untracked 
|  34|0x0000000082200000, 0x0000000082300000, 0x0000000082300000|100%| O|  |TAMS 0x0000000082300000, 0x0000000082200000| Untracked 
|  35|0x0000000082300000, 0x0000000082400000, 0x0000000082400000|100%| O|  |TAMS 0x0000000082300000, 0x0000000082300000| Untracked 
|  36|0x0000000082400000, 0x00000000824fffe8, 0x0000000082500000| 99%| O|  |TAMS 0x00000000824fffe8, 0x0000000082400000| Untracked 
|  37|0x0000000082500000, 0x0000000082600000, 0x0000000082600000|100%| O|  |TAMS 0x0000000082600000, 0x0000000082500000| Untracked 
|  38|0x0000000082600000, 0x00000000826ffaf0, 0x0000000082700000| 99%| O|  |TAMS 0x00000000826ffaf0, 0x0000000082600000| Untracked 
|  39|0x0000000082700000, 0x00000000827f4e38, 0x0000000082800000| 95%| O|  |TAMS 0x00000000827f4e38, 0x0000000082700000| Untracked 
|  40|0x0000000082800000, 0x00000000828fd7e8, 0x0000000082900000| 99%| O|  |TAMS 0x00000000828fd7e8, 0x0000000082800000| Untracked 
|  41|0x0000000082900000, 0x0000000082a00000, 0x0000000082a00000|100%|HS|  |TAMS 0x0000000082a00000, 0x0000000082900000| Complete 
|  42|0x0000000082a00000, 0x0000000082b00000, 0x0000000082b00000|100%|HS|  |TAMS 0x0000000082b00000, 0x0000000082a00000| Complete 
|  43|0x0000000082b00000, 0x0000000082c00000, 0x0000000082c00000|100%|HS|  |TAMS 0x0000000082c00000, 0x0000000082b00000| Complete 
|  44|0x0000000082c00000, 0x0000000082d00000, 0x0000000082d00000|100%|HC|  |TAMS 0x0000000082d00000, 0x0000000082c00000| Complete 
|  45|0x0000000082d00000, 0x0000000082e00000, 0x0000000082e00000|100%|HS|  |TAMS 0x0000000082e00000, 0x0000000082d00000| Complete 
|  46|0x0000000082e00000, 0x0000000082f00000, 0x0000000082f00000|100%|HC|  |TAMS 0x0000000082f00000, 0x0000000082e00000| Complete 
|  47|0x0000000082f00000, 0x0000000083000000, 0x0000000083000000|100%|HS|  |TAMS 0x0000000083000000, 0x0000000082f00000| Complete 
|  48|0x0000000083000000, 0x0000000083100000, 0x0000000083100000|100%|HS|  |TAMS 0x0000000083100000, 0x0000000083000000| Complete 
|  49|0x0000000083100000, 0x0000000083200000, 0x0000000083200000|100%|HC|  |TAMS 0x0000000083200000, 0x0000000083100000| Complete 
|  50|0x0000000083200000, 0x0000000083300000, 0x0000000083300000|100%|HC|  |TAMS 0x0000000083300000, 0x0000000083200000| Complete 
|  51|0x0000000083300000, 0x0000000083400000, 0x0000000083400000|100%|HC|  |TAMS 0x0000000083400000, 0x0000000083300000| Complete 
|  52|0x0000000083400000, 0x0000000083500000, 0x0000000083500000|100%|HS|  |TAMS 0x0000000083500000, 0x0000000083400000| Complete 
|  53|0x0000000083500000, 0x00000000835fc350, 0x0000000083600000| 98%| O|  |TAMS 0x00000000835fc350, 0x0000000083500000| Untracked 
|  54|0x0000000083600000, 0x0000000083700000, 0x0000000083700000|100%|HS|  |TAMS 0x0000000083700000, 0x0000000083600000| Complete 
|  55|0x0000000083700000, 0x0000000083800000, 0x0000000083800000|100%|HS|  |TAMS 0x0000000083800000, 0x0000000083700000| Complete 
|  56|0x0000000083800000, 0x00000000838ffff8, 0x0000000083900000| 99%| O|  |TAMS 0x00000000838ffff8, 0x0000000083800000| Untracked 
|  57|0x0000000083900000, 0x00000000839fdf88, 0x0000000083a00000| 99%| O|  |TAMS 0x00000000839fdf88, 0x0000000083900000| Untracked 
|  58|0x0000000083a00000, 0x0000000083affff8, 0x0000000083b00000| 99%| O|  |TAMS 0x0000000083affff8, 0x0000000083a00000| Untracked 
|  59|0x0000000083b00000, 0x0000000083bfffb8, 0x0000000083c00000| 99%| O|  |TAMS 0x0000000083bfffb8, 0x0000000083b00000| Untracked 
|  60|0x0000000083c00000, 0x0000000083cffff8, 0x0000000083d00000| 99%| O|  |TAMS 0x0000000083cffff8, 0x0000000083c00000| Untracked 
|  61|0x0000000083d00000, 0x0000000083dfffd8, 0x0000000083e00000| 99%| O|  |TAMS 0x0000000083dfffd8, 0x0000000083d00000| Untracked 
|  62|0x0000000083e00000, 0x0000000083efffd8, 0x0000000083f00000| 99%| O|  |TAMS 0x0000000083efffd8, 0x0000000083e00000| Untracked 
|  63|0x0000000083f00000, 0x0000000084000000, 0x0000000084000000|100%| O|  |TAMS 0x0000000084000000, 0x0000000083f00000| Untracked 
|  64|0x0000000084000000, 0x00000000840dad10, 0x0000000084100000| 85%| O|  |TAMS 0x00000000840dad10, 0x0000000084000000| Untracked 
|  65|0x0000000084100000, 0x00000000841ffff8, 0x0000000084200000| 99%| O|  |TAMS 0x00000000841ffff8, 0x0000000084100000| Untracked 
|  66|0x0000000084200000, 0x00000000842fff48, 0x0000000084300000| 99%| O|  |TAMS 0x00000000842fff48, 0x0000000084200000| Untracked 
|  67|0x0000000084300000, 0x00000000843ffff8, 0x0000000084400000| 99%| O|  |TAMS 0x00000000843ffff8, 0x0000000084300000| Untracked 
|  68|0x0000000084400000, 0x0000000084500000, 0x0000000084500000|100%|HS|  |TAMS 0x0000000084500000, 0x0000000084400000| Complete 
|  69|0x0000000084500000, 0x0000000084600000, 0x0000000084600000|100%|HC|  |TAMS 0x0000000084600000, 0x0000000084500000| Complete 
|  70|0x0000000084600000, 0x0000000084700000, 0x0000000084700000|100%|HC|  |TAMS 0x0000000084700000, 0x0000000084600000| Complete 
|  71|0x0000000084700000, 0x0000000084800000, 0x0000000084800000|100%|HC|  |TAMS 0x0000000084800000, 0x0000000084700000| Complete 
|  72|0x0000000084800000, 0x0000000084900000, 0x0000000084900000|100%|HS|  |TAMS 0x0000000084900000, 0x0000000084800000| Complete 
|  73|0x0000000084900000, 0x00000000849ffff0, 0x0000000084a00000| 99%| O|  |TAMS 0x00000000849ffff0, 0x0000000084900000| Untracked 
|  74|0x0000000084a00000, 0x0000000084b00000, 0x0000000084b00000|100%| O|  |TAMS 0x0000000084b00000, 0x0000000084a00000| Untracked 
|  75|0x0000000084b00000, 0x0000000084c00000, 0x0000000084c00000|100%| O|  |TAMS 0x0000000084c00000, 0x0000000084b00000| Untracked 
|  76|0x0000000084c00000, 0x0000000084cfffd8, 0x0000000084d00000| 99%| O|  |TAMS 0x0000000084cfffd8, 0x0000000084c00000| Untracked 
|  77|0x0000000084d00000, 0x0000000084dfffe8, 0x0000000084e00000| 99%| O|  |TAMS 0x0000000084dfffe8, 0x0000000084d00000| Untracked 
|  78|0x0000000084e00000, 0x0000000084efffd0, 0x0000000084f00000| 99%| O|  |TAMS 0x0000000084efffd0, 0x0000000084e00000| Untracked 
|  79|0x0000000084f00000, 0x0000000084fffff8, 0x0000000085000000| 99%| O|  |TAMS 0x0000000084fffff8, 0x0000000084f00000| Untracked 
|  80|0x0000000085000000, 0x00000000850fff78, 0x0000000085100000| 99%| O|  |TAMS 0x00000000850fff78, 0x0000000085000000| Untracked 
|  81|0x0000000085100000, 0x0000000085200000, 0x0000000085200000|100%| O|  |TAMS 0x0000000085200000, 0x0000000085100000| Untracked 
|  82|0x0000000085200000, 0x00000000852ffff8, 0x0000000085300000| 99%| O|  |TAMS 0x00000000852ffff8, 0x0000000085200000| Untracked 
|  83|0x0000000085300000, 0x00000000853ffff0, 0x0000000085400000| 99%| O|  |TAMS 0x00000000853ffff0, 0x0000000085300000| Untracked 
|  84|0x0000000085400000, 0x00000000854fffe8, 0x0000000085500000| 99%| O|  |TAMS 0x00000000854fffe8, 0x0000000085400000| Untracked 
|  85|0x0000000085500000, 0x00000000855fffd0, 0x0000000085600000| 99%| O|  |TAMS 0x00000000855fffd0, 0x0000000085500000| Untracked 
|  86|0x0000000085600000, 0x00000000856fffd8, 0x0000000085700000| 99%| O|  |TAMS 0x00000000856fffd8, 0x0000000085600000| Untracked 
|  87|0x0000000085700000, 0x00000000857ffff0, 0x0000000085800000| 99%| O|  |TAMS 0x00000000857ffff0, 0x0000000085700000| Untracked 
|  88|0x0000000085800000, 0x00000000858ffff0, 0x0000000085900000| 99%| O|  |TAMS 0x00000000858ffff0, 0x0000000085800000| Untracked 
|  89|0x0000000085900000, 0x00000000859fffb8, 0x0000000085a00000| 99%| O|  |TAMS 0x00000000859fffb8, 0x0000000085900000| Untracked 
|  90|0x0000000085a00000, 0x0000000085affff0, 0x0000000085b00000| 99%| O|  |TAMS 0x0000000085affff0, 0x0000000085a00000| Untracked 
|  91|0x0000000085b00000, 0x0000000085c00000, 0x0000000085c00000|100%| O|  |TAMS 0x0000000085c00000, 0x0000000085b00000| Untracked 
|  92|0x0000000085c00000, 0x0000000085d00000, 0x0000000085d00000|100%| O|  |TAMS 0x0000000085d00000, 0x0000000085c00000| Untracked 
|  93|0x0000000085d00000, 0x0000000085dfffd8, 0x0000000085e00000| 99%| O|  |TAMS 0x0000000085dfffd8, 0x0000000085d00000| Untracked 
|  94|0x0000000085e00000, 0x0000000085efffd8, 0x0000000085f00000| 99%| O|  |TAMS 0x0000000085efffd8, 0x0000000085e00000| Untracked 
|  95|0x0000000085f00000, 0x0000000086000000, 0x0000000086000000|100%| O|  |TAMS 0x0000000086000000, 0x0000000085f00000| Untracked 
|  96|0x0000000086000000, 0x00000000860fedc0, 0x0000000086100000| 99%| O|  |TAMS 0x00000000860fedc0, 0x0000000086000000| Untracked 
|  97|0x0000000086100000, 0x00000000861fffe8, 0x0000000086200000| 99%| O|  |TAMS 0x00000000861fffe8, 0x0000000086100000| Untracked 
|  98|0x0000000086200000, 0x00000000862fffd0, 0x0000000086300000| 99%| O|  |TAMS 0x00000000862fffd0, 0x0000000086200000| Untracked 
|  99|0x0000000086300000, 0x00000000863ffff0, 0x0000000086400000| 99%| O|  |TAMS 0x00000000863ffff0, 0x0000000086300000| Untracked 
| 100|0x0000000086400000, 0x00000000864ffff8, 0x0000000086500000| 99%| O|  |TAMS 0x00000000864ffff8, 0x0000000086400000| Untracked 
| 101|0x0000000086500000, 0x0000000086600000, 0x0000000086600000|100%| O|  |TAMS 0x0000000086600000, 0x0000000086500000| Untracked 
| 102|0x0000000086600000, 0x00000000866fffb0, 0x0000000086700000| 99%| O|  |TAMS 0x00000000866fffb0, 0x0000000086600000| Untracked 
| 103|0x0000000086700000, 0x0000000086800000, 0x0000000086800000|100%| O|  |TAMS 0x0000000086800000, 0x0000000086700000| Untracked 
| 104|0x0000000086800000, 0x00000000868fff60, 0x0000000086900000| 99%| O|  |TAMS 0x00000000868fff60, 0x0000000086800000| Untracked 
| 105|0x0000000086900000, 0x00000000869f3048, 0x0000000086a00000| 94%| O|  |TAMS 0x00000000869f3048, 0x0000000086900000| Untracked 
| 106|0x0000000086a00000, 0x0000000086ad11c0, 0x0000000086b00000| 81%| O|  |TAMS 0x0000000086ad11c0, 0x0000000086a00000| Untracked 
| 107|0x0000000086b00000, 0x0000000086bfffd8, 0x0000000086c00000| 99%| O|  |TAMS 0x0000000086bfffd8, 0x0000000086b00000| Untracked 
| 108|0x0000000086c00000, 0x0000000086cfffe8, 0x0000000086d00000| 99%| O|  |TAMS 0x0000000086cfffe8, 0x0000000086c00000| Untracked 
| 109|0x0000000086d00000, 0x0000000086e00000, 0x0000000086e00000|100%| O|  |TAMS 0x0000000086d00000, 0x0000000086d00000| Untracked 
| 110|0x0000000086e00000, 0x0000000086effff0, 0x0000000086f00000| 99%| O|  |TAMS 0x0000000086effff0, 0x0000000086e00000| Untracked 
| 111|0x0000000086f00000, 0x0000000087000000, 0x0000000087000000|100%| O|  |TAMS 0x0000000086f00000, 0x0000000086f00000| Untracked 
| 112|0x0000000087000000, 0x00000000870a5738, 0x0000000087100000| 64%| O|  |TAMS 0x00000000870a5738, 0x0000000087000000| Untracked 
| 113|0x0000000087100000, 0x0000000087200000, 0x0000000087200000|100%| O|  |TAMS 0x0000000087100000, 0x0000000087100000| Untracked 
| 114|0x0000000087200000, 0x0000000087300000, 0x0000000087300000|100%| O|  |TAMS 0x0000000087200000, 0x0000000087200000| Untracked 
| 115|0x0000000087300000, 0x0000000087400000, 0x0000000087400000|100%| O|  |TAMS 0x0000000087300000, 0x0000000087300000| Untracked 
| 116|0x0000000087400000, 0x0000000087500000, 0x0000000087500000|100%| O|  |TAMS 0x0000000087400000, 0x0000000087400000| Untracked 
| 117|0x0000000087500000, 0x0000000087600000, 0x0000000087600000|100%| O|  |TAMS 0x0000000087500000, 0x0000000087500000| Untracked 
| 118|0x0000000087600000, 0x0000000087700000, 0x0000000087700000|100%| O|  |TAMS 0x0000000087600000, 0x0000000087600000| Untracked 
| 119|0x0000000087700000, 0x0000000087800000, 0x0000000087800000|100%| O|  |TAMS 0x0000000087700000, 0x0000000087700000| Untracked 
| 120|0x0000000087800000, 0x0000000087900000, 0x0000000087900000|100%| O|  |TAMS 0x0000000087800000, 0x0000000087800000| Untracked 
| 121|0x0000000087900000, 0x0000000087a00000, 0x0000000087a00000|100%| O|  |TAMS 0x0000000087900000, 0x0000000087900000| Untracked 
| 122|0x0000000087a00000, 0x0000000087b00000, 0x0000000087b00000|100%| O|  |TAMS 0x0000000087a00000, 0x0000000087a00000| Untracked 
| 123|0x0000000087b00000, 0x0000000087c00000, 0x0000000087c00000|100%| O|  |TAMS 0x0000000087b00000, 0x0000000087b00000| Untracked 
| 124|0x0000000087c00000, 0x0000000087d00000, 0x0000000087d00000|100%| O|  |TAMS 0x0000000087c00000, 0x0000000087c00000| Untracked 
| 125|0x0000000087d00000, 0x0000000087e00000, 0x0000000087e00000|100%| O|  |TAMS 0x0000000087d00000, 0x0000000087d00000| Untracked 
| 126|0x0000000087e00000, 0x0000000087f00000, 0x0000000087f00000|100%| O|  |TAMS 0x0000000087e00000, 0x0000000087e00000| Untracked 
| 127|0x0000000087f00000, 0x0000000088000000, 0x0000000088000000|100%| O|  |TAMS 0x0000000087f00000, 0x0000000087f00000| Untracked 
| 128|0x0000000088000000, 0x0000000088100000, 0x0000000088100000|100%| O|  |TAMS 0x0000000088000000, 0x0000000088000000| Untracked 
| 129|0x0000000088100000, 0x0000000088200000, 0x0000000088200000|100%|HS|  |TAMS 0x0000000088100000, 0x0000000088100000| Complete 
| 130|0x0000000088200000, 0x0000000088300000, 0x0000000088300000|100%| O|  |TAMS 0x0000000088200000, 0x0000000088200000| Untracked 
| 131|0x0000000088300000, 0x0000000088400000, 0x0000000088400000|100%| O|  |TAMS 0x0000000088300000, 0x0000000088300000| Untracked 
| 132|0x0000000088400000, 0x0000000088500000, 0x0000000088500000|100%| O|  |TAMS 0x0000000088400000, 0x0000000088400000| Untracked 
| 133|0x0000000088500000, 0x0000000088600000, 0x0000000088600000|100%| O|  |TAMS 0x0000000088500000, 0x0000000088500000| Untracked 
| 134|0x0000000088600000, 0x0000000088700000, 0x0000000088700000|100%| O|  |TAMS 0x0000000088600000, 0x0000000088600000| Untracked 
| 135|0x0000000088700000, 0x0000000088800000, 0x0000000088800000|100%| O|  |TAMS 0x0000000088700000, 0x0000000088700000| Untracked 
| 136|0x0000000088800000, 0x0000000088900000, 0x0000000088900000|100%| O|  |TAMS 0x0000000088800000, 0x0000000088800000| Untracked 
| 137|0x0000000088900000, 0x0000000088a00000, 0x0000000088a00000|100%| O|  |TAMS 0x0000000088a00000, 0x0000000088900000| Untracked 
| 138|0x0000000088a00000, 0x0000000088b00000, 0x0000000088b00000|100%| O|  |TAMS 0x0000000088a00000, 0x0000000088a00000| Untracked 
| 139|0x0000000088b00000, 0x0000000088c00000, 0x0000000088c00000|100%| O|  |TAMS 0x0000000088b00000, 0x0000000088b00000| Untracked 
| 140|0x0000000088c00000, 0x0000000088d00000, 0x0000000088d00000|100%| O|  |TAMS 0x0000000088c00000, 0x0000000088c00000| Untracked 
| 141|0x0000000088d00000, 0x0000000088e00000, 0x0000000088e00000|100%| O|  |TAMS 0x0000000088d00000, 0x0000000088d00000| Untracked 
| 142|0x0000000088e00000, 0x0000000088f00000, 0x0000000088f00000|100%| O|  |TAMS 0x0000000088e00000, 0x0000000088e00000| Untracked 
| 143|0x0000000088f00000, 0x0000000089000000, 0x0000000089000000|100%| O|  |TAMS 0x0000000088f00000, 0x0000000088f00000| Untracked 
| 144|0x0000000089000000, 0x0000000089100000, 0x0000000089100000|100%| O|  |TAMS 0x0000000089000000, 0x0000000089000000| Untracked 
| 145|0x0000000089100000, 0x0000000089200000, 0x0000000089200000|100%| O|  |TAMS 0x0000000089100000, 0x0000000089100000| Untracked 
| 146|0x0000000089200000, 0x0000000089300000, 0x0000000089300000|100%| O|  |TAMS 0x0000000089200000, 0x0000000089200000| Untracked 
| 147|0x0000000089300000, 0x0000000089400000, 0x0000000089400000|100%| O|  |TAMS 0x0000000089300000, 0x0000000089300000| Untracked 
| 148|0x0000000089400000, 0x0000000089500000, 0x0000000089500000|100%| O|  |TAMS 0x0000000089400000, 0x0000000089400000| Untracked 
| 149|0x0000000089500000, 0x0000000089600000, 0x0000000089600000|100%| O|  |TAMS 0x0000000089500000, 0x0000000089500000| Untracked 
| 150|0x0000000089600000, 0x0000000089700000, 0x0000000089700000|100%| O|  |TAMS 0x0000000089600000, 0x0000000089600000| Untracked 
| 151|0x0000000089700000, 0x00000000897ffff0, 0x0000000089800000| 99%| O|  |TAMS 0x00000000897ffff0, 0x0000000089700000| Untracked 
| 152|0x0000000089800000, 0x0000000089900000, 0x0000000089900000|100%| O|  |TAMS 0x0000000089800000, 0x0000000089800000| Untracked 
| 153|0x0000000089900000, 0x0000000089a00000, 0x0000000089a00000|100%| O|  |TAMS 0x0000000089900000, 0x0000000089900000| Untracked 
| 154|0x0000000089a00000, 0x0000000089afff80, 0x0000000089b00000| 99%| O|  |TAMS 0x0000000089afff80, 0x0000000089a00000| Untracked 
| 155|0x0000000089b00000, 0x0000000089c00000, 0x0000000089c00000|100%| O|  |TAMS 0x0000000089b00000, 0x0000000089b00000| Untracked 
| 156|0x0000000089c00000, 0x0000000089d00000, 0x0000000089d00000|100%| O|  |TAMS 0x0000000089d00000, 0x0000000089c00000| Untracked 
| 157|0x0000000089d00000, 0x0000000089e00000, 0x0000000089e00000|100%| O|  |TAMS 0x0000000089d00000, 0x0000000089d00000| Untracked 
| 158|0x0000000089e00000, 0x0000000089e4d090, 0x0000000089f00000| 30%| O|  |TAMS 0x0000000089e4d090, 0x0000000089e00000| Untracked 
| 159|0x0000000089f00000, 0x000000008a000000, 0x000000008a000000|100%| O|  |TAMS 0x0000000089f00000, 0x0000000089f00000| Untracked 
| 160|0x000000008a000000, 0x000000008a100000, 0x000000008a100000|100%| O|  |TAMS 0x000000008a000000, 0x000000008a000000| Untracked 
| 161|0x000000008a100000, 0x000000008a200000, 0x000000008a200000|100%| O|  |TAMS 0x000000008a100000, 0x000000008a100000| Untracked 
| 162|0x000000008a200000, 0x000000008a300000, 0x000000008a300000|100%| O|  |TAMS 0x000000008a200000, 0x000000008a200000| Untracked 
| 163|0x000000008a300000, 0x000000008a400000, 0x000000008a400000|100%| O|  |TAMS 0x000000008a300000, 0x000000008a300000| Untracked 
| 164|0x000000008a400000, 0x000000008a500000, 0x000000008a500000|100%| O|  |TAMS 0x000000008a400000, 0x000000008a400000| Untracked 
| 165|0x000000008a500000, 0x000000008a600000, 0x000000008a600000|100%| O|  |TAMS 0x000000008a500000, 0x000000008a500000| Untracked 
| 166|0x000000008a600000, 0x000000008a700000, 0x000000008a700000|100%| O|  |TAMS 0x000000008a600000, 0x000000008a600000| Untracked 
| 167|0x000000008a700000, 0x000000008a800000, 0x000000008a800000|100%| O|  |TAMS 0x000000008a700000, 0x000000008a700000| Untracked 
| 168|0x000000008a800000, 0x000000008a900000, 0x000000008a900000|100%| O|  |TAMS 0x000000008a800000, 0x000000008a800000| Untracked 
| 169|0x000000008a900000, 0x000000008aa00000, 0x000000008aa00000|100%| O|  |TAMS 0x000000008a900000, 0x000000008a900000| Untracked 
| 170|0x000000008aa00000, 0x000000008ab00000, 0x000000008ab00000|100%| O|  |TAMS 0x000000008aa00000, 0x000000008aa00000| Untracked 
| 171|0x000000008ab00000, 0x000000008ac00000, 0x000000008ac00000|100%| O|  |TAMS 0x000000008ab00000, 0x000000008ab00000| Untracked 
| 172|0x000000008ac00000, 0x000000008ad00000, 0x000000008ad00000|100%| O|  |TAMS 0x000000008ac00000, 0x000000008ac00000| Untracked 
| 173|0x000000008ad00000, 0x000000008ae00000, 0x000000008ae00000|100%| O|  |TAMS 0x000000008ad00000, 0x000000008ad00000| Untracked 
| 174|0x000000008ae00000, 0x000000008af00000, 0x000000008af00000|100%| O|  |TAMS 0x000000008ae00000, 0x000000008ae00000| Untracked 
| 175|0x000000008af00000, 0x000000008b000000, 0x000000008b000000|100%| O|  |TAMS 0x000000008af00000, 0x000000008af00000| Untracked 
| 176|0x000000008b000000, 0x000000008b100000, 0x000000008b100000|100%| O|  |TAMS 0x000000008b000000, 0x000000008b000000| Untracked 
| 177|0x000000008b100000, 0x000000008b200000, 0x000000008b200000|100%| O|  |TAMS 0x000000008b100000, 0x000000008b100000| Untracked 
| 178|0x000000008b200000, 0x000000008b300000, 0x000000008b300000|100%| O|  |TAMS 0x000000008b200000, 0x000000008b200000| Untracked 
| 179|0x000000008b300000, 0x000000008b400000, 0x000000008b400000|100%| O|  |TAMS 0x000000008b300000, 0x000000008b300000| Untracked 
| 180|0x000000008b400000, 0x000000008b500000, 0x000000008b500000|100%| O|  |TAMS 0x000000008b400000, 0x000000008b400000| Untracked 
| 181|0x000000008b500000, 0x000000008b600000, 0x000000008b600000|100%| O|  |TAMS 0x000000008b500000, 0x000000008b500000| Untracked 
| 182|0x000000008b600000, 0x000000008b700000, 0x000000008b700000|100%| O|  |TAMS 0x000000008b600000, 0x000000008b600000| Untracked 
| 183|0x000000008b700000, 0x000000008b800000, 0x000000008b800000|100%| O|  |TAMS 0x000000008b700000, 0x000000008b700000| Untracked 
| 184|0x000000008b800000, 0x000000008b900000, 0x000000008b900000|100%| O|  |TAMS 0x000000008b800000, 0x000000008b800000| Untracked 
| 185|0x000000008b900000, 0x000000008ba00000, 0x000000008ba00000|100%| O|  |TAMS 0x000000008b900000, 0x000000008b900000| Untracked 
| 186|0x000000008ba00000, 0x000000008bb00000, 0x000000008bb00000|100%| O|  |TAMS 0x000000008ba00000, 0x000000008ba00000| Untracked 
| 187|0x000000008bb00000, 0x000000008bc00000, 0x000000008bc00000|100%| O|  |TAMS 0x000000008bb00000, 0x000000008bb00000| Untracked 
| 188|0x000000008bc00000, 0x000000008bd00000, 0x000000008bd00000|100%| O|  |TAMS 0x000000008bc00000, 0x000000008bc00000| Untracked 
| 189|0x000000008bd00000, 0x000000008be00000, 0x000000008be00000|100%| O|  |TAMS 0x000000008bd00000, 0x000000008bd00000| Untracked 
| 190|0x000000008be00000, 0x000000008bf00000, 0x000000008bf00000|100%| O|  |TAMS 0x000000008be00000, 0x000000008be00000| Untracked 
| 191|0x000000008bf00000, 0x000000008c000000, 0x000000008c000000|100%|HS|  |TAMS 0x000000008bf00000, 0x000000008bf00000| Complete 
| 192|0x000000008c000000, 0x000000008c100000, 0x000000008c100000|100%| O|  |TAMS 0x000000008c000000, 0x000000008c000000| Untracked 
| 193|0x000000008c100000, 0x000000008c200000, 0x000000008c200000|100%| O|  |TAMS 0x000000008c100000, 0x000000008c100000| Untracked 
| 194|0x000000008c200000, 0x000000008c300000, 0x000000008c300000|100%| O|  |TAMS 0x000000008c200000, 0x000000008c200000| Untracked 
| 195|0x000000008c300000, 0x000000008c400000, 0x000000008c400000|100%| O|  |TAMS 0x000000008c300000, 0x000000008c300000| Untracked 
| 196|0x000000008c400000, 0x000000008c500000, 0x000000008c500000|100%| O|  |TAMS 0x000000008c400000, 0x000000008c400000| Untracked 
| 197|0x000000008c500000, 0x000000008c600000, 0x000000008c600000|100%| O|  |TAMS 0x000000008c500000, 0x000000008c500000| Untracked 
| 198|0x000000008c600000, 0x000000008c700000, 0x000000008c700000|100%| O|  |TAMS 0x000000008c600000, 0x000000008c600000| Untracked 
| 199|0x000000008c700000, 0x000000008c800000, 0x000000008c800000|100%| O|  |TAMS 0x000000008c700000, 0x000000008c700000| Untracked 
| 200|0x000000008c800000, 0x000000008c900000, 0x000000008c900000|100%| O|  |TAMS 0x000000008c800000, 0x000000008c800000| Untracked 
| 201|0x000000008c900000, 0x000000008ca00000, 0x000000008ca00000|100%| O|  |TAMS 0x000000008c900000, 0x000000008c900000| Untracked 
| 202|0x000000008ca00000, 0x000000008cb00000, 0x000000008cb00000|100%| O|  |TAMS 0x000000008ca00000, 0x000000008ca00000| Untracked 
| 203|0x000000008cb00000, 0x000000008cc00000, 0x000000008cc00000|100%| O|  |TAMS 0x000000008cb00000, 0x000000008cb00000| Untracked 
| 204|0x000000008cc00000, 0x000000008cd00000, 0x000000008cd00000|100%| O|  |TAMS 0x000000008cc00000, 0x000000008cc00000| Untracked 
| 205|0x000000008cd00000, 0x000000008ce00000, 0x000000008ce00000|100%| O|  |TAMS 0x000000008cd00000, 0x000000008cd00000| Untracked 
| 206|0x000000008ce00000, 0x000000008cf00000, 0x000000008cf00000|100%| O|  |TAMS 0x000000008ce00000, 0x000000008ce00000| Untracked 
| 207|0x000000008cf00000, 0x000000008d000000, 0x000000008d000000|100%| O|  |TAMS 0x000000008cf00000, 0x000000008cf00000| Untracked 
| 208|0x000000008d000000, 0x000000008d100000, 0x000000008d100000|100%| O|  |TAMS 0x000000008d000000, 0x000000008d000000| Untracked 
| 209|0x000000008d100000, 0x000000008d200000, 0x000000008d200000|100%| O|  |TAMS 0x000000008d100000, 0x000000008d100000| Untracked 
| 210|0x000000008d200000, 0x000000008d200000, 0x000000008d300000|  0%| F|  |TAMS 0x000000008d200000, 0x000000008d200000| Untracked 
| 211|0x000000008d300000, 0x000000008d300000, 0x000000008d400000|  0%| F|  |TAMS 0x000000008d300000, 0x000000008d300000| Untracked 
| 212|0x000000008d400000, 0x000000008d400000, 0x000000008d500000|  0%| F|  |TAMS 0x000000008d400000, 0x000000008d400000| Untracked 
| 213|0x000000008d500000, 0x000000008d500000, 0x000000008d600000|  0%| F|  |TAMS 0x000000008d500000, 0x000000008d500000| Untracked 
| 214|0x000000008d600000, 0x000000008d600000, 0x000000008d700000|  0%| F|  |TAMS 0x000000008d600000, 0x000000008d600000| Untracked 
| 215|0x000000008d700000, 0x000000008d700000, 0x000000008d800000|  0%| F|  |TAMS 0x000000008d700000, 0x000000008d700000| Untracked 
| 216|0x000000008d800000, 0x000000008d800000, 0x000000008d900000|  0%| F|  |TAMS 0x000000008d800000, 0x000000008d800000| Untracked 
| 217|0x000000008d900000, 0x000000008d900000, 0x000000008da00000|  0%| F|  |TAMS 0x000000008d900000, 0x000000008d900000| Untracked 
| 218|0x000000008da00000, 0x000000008da00000, 0x000000008db00000|  0%| F|  |TAMS 0x000000008da00000, 0x000000008da00000| Untracked 
| 219|0x000000008db00000, 0x000000008db00000, 0x000000008dc00000|  0%| F|  |TAMS 0x000000008db00000, 0x000000008db00000| Untracked 
| 220|0x000000008dc00000, 0x000000008dd00000, 0x000000008dd00000|100%| O|  |TAMS 0x000000008dc00000, 0x000000008dc00000| Untracked 
| 221|0x000000008dd00000, 0x000000008de00000, 0x000000008de00000|100%| O|  |TAMS 0x000000008dd00000, 0x000000008dd00000| Untracked 
| 222|0x000000008de00000, 0x000000008df00000, 0x000000008df00000|100%| O|  |TAMS 0x000000008de00000, 0x000000008de00000| Untracked 
| 223|0x000000008df00000, 0x000000008df00000, 0x000000008e000000|  0%| F|  |TAMS 0x000000008df00000, 0x000000008df00000| Untracked 
| 224|0x000000008e000000, 0x000000008e000000, 0x000000008e100000|  0%| F|  |TAMS 0x000000008e000000, 0x000000008e000000| Untracked 
| 225|0x000000008e100000, 0x000000008e100000, 0x000000008e200000|  0%| F|  |TAMS 0x000000008e100000, 0x000000008e100000| Untracked 
| 226|0x000000008e200000, 0x000000008e200000, 0x000000008e300000|  0%| F|  |TAMS 0x000000008e200000, 0x000000008e200000| Untracked 
| 227|0x000000008e300000, 0x000000008e300000, 0x000000008e400000|  0%| F|  |TAMS 0x000000008e300000, 0x000000008e300000| Untracked 
| 228|0x000000008e400000, 0x000000008e400000, 0x000000008e500000|  0%| F|  |TAMS 0x000000008e400000, 0x000000008e400000| Untracked 
| 229|0x000000008e500000, 0x000000008e500000, 0x000000008e600000|  0%| F|  |TAMS 0x000000008e500000, 0x000000008e500000| Untracked 
| 230|0x000000008e600000, 0x000000008e600000, 0x000000008e700000|  0%| F|  |TAMS 0x000000008e600000, 0x000000008e600000| Untracked 
| 231|0x000000008e700000, 0x000000008e700000, 0x000000008e800000|  0%| F|  |TAMS 0x000000008e700000, 0x000000008e700000| Untracked 
| 232|0x000000008e800000, 0x000000008e800000, 0x000000008e900000|  0%| F|  |TAMS 0x000000008e800000, 0x000000008e800000| Untracked 
| 233|0x000000008e900000, 0x000000008e900000, 0x000000008ea00000|  0%| F|  |TAMS 0x000000008e900000, 0x000000008e900000| Untracked 
| 234|0x000000008ea00000, 0x000000008ea00000, 0x000000008eb00000|  0%| F|  |TAMS 0x000000008ea00000, 0x000000008ea00000| Untracked 
| 235|0x000000008eb00000, 0x000000008eb00000, 0x000000008ec00000|  0%| F|  |TAMS 0x000000008eb00000, 0x000000008eb00000| Untracked 
| 236|0x000000008ec00000, 0x000000008ec00000, 0x000000008ed00000|  0%| F|  |TAMS 0x000000008ec00000, 0x000000008ec00000| Untracked 
| 237|0x000000008ed00000, 0x000000008ed00000, 0x000000008ee00000|  0%| F|  |TAMS 0x000000008ed00000, 0x000000008ed00000| Untracked 
| 238|0x000000008ee00000, 0x000000008ee00000, 0x000000008ef00000|  0%| F|  |TAMS 0x000000008ee00000, 0x000000008ee00000| Untracked 
| 239|0x000000008ef00000, 0x000000008ef00000, 0x000000008f000000|  0%| F|  |TAMS 0x000000008ef00000, 0x000000008ef00000| Untracked 
| 240|0x000000008f000000, 0x000000008f000000, 0x000000008f100000|  0%| F|  |TAMS 0x000000008f000000, 0x000000008f000000| Untracked 
| 241|0x000000008f100000, 0x000000008f100000, 0x000000008f200000|  0%| F|  |TAMS 0x000000008f100000, 0x000000008f100000| Untracked 
| 242|0x000000008f200000, 0x000000008f200000, 0x000000008f300000|  0%| F|  |TAMS 0x000000008f200000, 0x000000008f200000| Untracked 
| 243|0x000000008f300000, 0x000000008f300000, 0x000000008f400000|  0%| F|  |TAMS 0x000000008f300000, 0x000000008f300000| Untracked 
| 244|0x000000008f400000, 0x000000008f400000, 0x000000008f500000|  0%| F|  |TAMS 0x000000008f400000, 0x000000008f400000| Untracked 
| 245|0x000000008f500000, 0x000000008f500000, 0x000000008f600000|  0%| F|  |TAMS 0x000000008f500000, 0x000000008f500000| Untracked 
| 246|0x000000008f600000, 0x000000008f600000, 0x000000008f700000|  0%| F|  |TAMS 0x000000008f600000, 0x000000008f600000| Untracked 
| 247|0x000000008f700000, 0x000000008f700000, 0x000000008f800000|  0%| F|  |TAMS 0x000000008f700000, 0x000000008f700000| Untracked 
| 248|0x000000008f800000, 0x000000008f800000, 0x000000008f900000|  0%| F|  |TAMS 0x000000008f800000, 0x000000008f800000| Untracked 
| 249|0x000000008f900000, 0x000000008f900000, 0x000000008fa00000|  0%| F|  |TAMS 0x000000008f900000, 0x000000008f900000| Untracked 
| 250|0x000000008fa00000, 0x000000008fa00000, 0x000000008fb00000|  0%| F|  |TAMS 0x000000008fa00000, 0x000000008fa00000| Untracked 
| 251|0x000000008fb00000, 0x000000008fb00000, 0x000000008fc00000|  0%| F|  |TAMS 0x000000008fb00000, 0x000000008fb00000| Untracked 
| 252|0x000000008fc00000, 0x000000008fc00000, 0x000000008fd00000|  0%| F|  |TAMS 0x000000008fc00000, 0x000000008fc00000| Untracked 
| 253|0x000000008fd00000, 0x000000008fd00000, 0x000000008fe00000|  0%| F|  |TAMS 0x000000008fd00000, 0x000000008fd00000| Untracked 
| 254|0x000000008fe00000, 0x000000008fe00000, 0x000000008ff00000|  0%| F|  |TAMS 0x000000008fe00000, 0x000000008fe00000| Untracked 
| 255|0x000000008ff00000, 0x000000008ff00000, 0x0000000090000000|  0%| F|  |TAMS 0x000000008ff00000, 0x000000008ff00000| Untracked 
| 256|0x0000000090000000, 0x0000000090000000, 0x0000000090100000|  0%| F|  |TAMS 0x0000000090000000, 0x0000000090000000| Untracked 
| 257|0x0000000090100000, 0x0000000090100000, 0x0000000090200000|  0%| F|  |TAMS 0x0000000090100000, 0x0000000090100000| Untracked 
| 258|0x0000000090200000, 0x0000000090200000, 0x0000000090300000|  0%| F|  |TAMS 0x0000000090200000, 0x0000000090200000| Untracked 
| 259|0x0000000090300000, 0x0000000090300000, 0x0000000090400000|  0%| F|  |TAMS 0x0000000090300000, 0x0000000090300000| Untracked 
| 260|0x0000000090400000, 0x0000000090400000, 0x0000000090500000|  0%| F|  |TAMS 0x0000000090400000, 0x0000000090400000| Untracked 
| 261|0x0000000090500000, 0x0000000090500000, 0x0000000090600000|  0%| F|  |TAMS 0x0000000090500000, 0x0000000090500000| Untracked 
| 262|0x0000000090600000, 0x0000000090600000, 0x0000000090700000|  0%| F|  |TAMS 0x0000000090600000, 0x0000000090600000| Untracked 
| 263|0x0000000090700000, 0x0000000090700000, 0x0000000090800000|  0%| F|  |TAMS 0x0000000090700000, 0x0000000090700000| Untracked 
| 264|0x0000000090800000, 0x0000000090800000, 0x0000000090900000|  0%| F|  |TAMS 0x0000000090800000, 0x0000000090800000| Untracked 
| 265|0x0000000090900000, 0x0000000090900000, 0x0000000090a00000|  0%| F|  |TAMS 0x0000000090900000, 0x0000000090900000| Untracked 
| 266|0x0000000090a00000, 0x0000000090a00000, 0x0000000090b00000|  0%| F|  |TAMS 0x0000000090a00000, 0x0000000090a00000| Untracked 
| 267|0x0000000090b00000, 0x0000000090b00000, 0x0000000090c00000|  0%| F|  |TAMS 0x0000000090b00000, 0x0000000090b00000| Untracked 
| 268|0x0000000090c00000, 0x0000000090c00000, 0x0000000090d00000|  0%| F|  |TAMS 0x0000000090c00000, 0x0000000090c00000| Untracked 
| 269|0x0000000090d00000, 0x0000000090d00000, 0x0000000090e00000|  0%| F|  |TAMS 0x0000000090d00000, 0x0000000090d00000| Untracked 
| 270|0x0000000090e00000, 0x0000000090e00000, 0x0000000090f00000|  0%| F|  |TAMS 0x0000000090e00000, 0x0000000090e00000| Untracked 
| 271|0x0000000090f00000, 0x0000000090f00000, 0x0000000091000000|  0%| F|  |TAMS 0x0000000090f00000, 0x0000000090f00000| Untracked 
| 272|0x0000000091000000, 0x0000000091000000, 0x0000000091100000|  0%| F|  |TAMS 0x0000000091000000, 0x0000000091000000| Untracked 
| 273|0x0000000091100000, 0x0000000091100000, 0x0000000091200000|  0%| F|  |TAMS 0x0000000091100000, 0x0000000091100000| Untracked 
| 274|0x0000000091200000, 0x0000000091200000, 0x0000000091300000|  0%| F|  |TAMS 0x0000000091200000, 0x0000000091200000| Untracked 
| 275|0x0000000091300000, 0x0000000091300000, 0x0000000091400000|  0%| F|  |TAMS 0x0000000091300000, 0x0000000091300000| Untracked 
| 276|0x0000000091400000, 0x0000000091400000, 0x0000000091500000|  0%| F|  |TAMS 0x0000000091400000, 0x0000000091400000| Untracked 
| 277|0x0000000091500000, 0x000000009154cd60, 0x0000000091600000| 30%| S|CS|TAMS 0x0000000091500000, 0x0000000091500000| Complete 
| 278|0x0000000091600000, 0x0000000091700000, 0x0000000091700000|100%| S|CS|TAMS 0x0000000091600000, 0x0000000091600000| Complete 
| 279|0x0000000091700000, 0x0000000091700000, 0x0000000091800000|  0%| F|  |TAMS 0x0000000091700000, 0x0000000091700000| Untracked 
| 280|0x0000000091800000, 0x0000000091800000, 0x0000000091900000|  0%| F|  |TAMS 0x0000000091800000, 0x0000000091800000| Untracked 
| 281|0x0000000091900000, 0x0000000091900000, 0x0000000091a00000|  0%| F|  |TAMS 0x0000000091900000, 0x0000000091900000| Untracked 
| 282|0x0000000091a00000, 0x0000000091a00000, 0x0000000091b00000|  0%| F|  |TAMS 0x0000000091a00000, 0x0000000091a00000| Untracked 
| 283|0x0000000091b00000, 0x0000000091b00000, 0x0000000091c00000|  0%| F|  |TAMS 0x0000000091b00000, 0x0000000091b00000| Untracked 
| 284|0x0000000091c00000, 0x0000000091c00000, 0x0000000091d00000|  0%| F|  |TAMS 0x0000000091c00000, 0x0000000091c00000| Untracked 
| 285|0x0000000091d00000, 0x0000000091d00000, 0x0000000091e00000|  0%| F|  |TAMS 0x0000000091d00000, 0x0000000091d00000| Untracked 
| 286|0x0000000091e00000, 0x0000000091e00000, 0x0000000091f00000|  0%| F|  |TAMS 0x0000000091e00000, 0x0000000091e00000| Untracked 
| 287|0x0000000091f00000, 0x0000000091f00000, 0x0000000092000000|  0%| F|  |TAMS 0x0000000091f00000, 0x0000000091f00000| Untracked 
| 288|0x0000000092000000, 0x0000000092000000, 0x0000000092100000|  0%| F|  |TAMS 0x0000000092000000, 0x0000000092000000| Untracked 
| 289|0x0000000092100000, 0x0000000092100000, 0x0000000092200000|  0%| F|  |TAMS 0x0000000092100000, 0x0000000092100000| Untracked 
| 290|0x0000000092200000, 0x0000000092200000, 0x0000000092300000|  0%| F|  |TAMS 0x0000000092200000, 0x0000000092200000| Untracked 
| 291|0x0000000092300000, 0x0000000092300000, 0x0000000092400000|  0%| F|  |TAMS 0x0000000092300000, 0x0000000092300000| Untracked 
| 292|0x0000000092400000, 0x0000000092400000, 0x0000000092500000|  0%| F|  |TAMS 0x0000000092400000, 0x0000000092400000| Untracked 
| 293|0x0000000092500000, 0x0000000092500000, 0x0000000092600000|  0%| F|  |TAMS 0x0000000092500000, 0x0000000092500000| Untracked 
| 294|0x0000000092600000, 0x0000000092600000, 0x0000000092700000|  0%| F|  |TAMS 0x0000000092600000, 0x0000000092600000| Untracked 
| 295|0x0000000092700000, 0x0000000092700000, 0x0000000092800000|  0%| F|  |TAMS 0x0000000092700000, 0x0000000092700000| Untracked 
| 296|0x0000000092800000, 0x0000000092800000, 0x0000000092900000|  0%| F|  |TAMS 0x0000000092800000, 0x0000000092800000| Untracked 
| 297|0x0000000092900000, 0x0000000092900000, 0x0000000092a00000|  0%| F|  |TAMS 0x0000000092900000, 0x0000000092900000| Untracked 
| 298|0x0000000092a00000, 0x0000000092a00000, 0x0000000092b00000|  0%| F|  |TAMS 0x0000000092a00000, 0x0000000092a00000| Untracked 
| 299|0x0000000092b00000, 0x0000000092b00000, 0x0000000092c00000|  0%| F|  |TAMS 0x0000000092b00000, 0x0000000092b00000| Untracked 
| 300|0x0000000092c00000, 0x0000000092c00000, 0x0000000092d00000|  0%| F|  |TAMS 0x0000000092c00000, 0x0000000092c00000| Untracked 
| 301|0x0000000092d00000, 0x0000000092d00000, 0x0000000092e00000|  0%| F|  |TAMS 0x0000000092d00000, 0x0000000092d00000| Untracked 
| 302|0x0000000092e00000, 0x0000000092e00000, 0x0000000092f00000|  0%| F|  |TAMS 0x0000000092e00000, 0x0000000092e00000| Untracked 
| 303|0x0000000092f00000, 0x0000000092f00000, 0x0000000093000000|  0%| F|  |TAMS 0x0000000092f00000, 0x0000000092f00000| Untracked 
| 304|0x0000000093000000, 0x0000000093000000, 0x0000000093100000|  0%| F|  |TAMS 0x0000000093000000, 0x0000000093000000| Untracked 
| 305|0x0000000093100000, 0x0000000093100000, 0x0000000093200000|  0%| F|  |TAMS 0x0000000093100000, 0x0000000093100000| Untracked 
| 306|0x0000000093200000, 0x0000000093200000, 0x0000000093300000|  0%| F|  |TAMS 0x0000000093200000, 0x0000000093200000| Untracked 
| 307|0x0000000093300000, 0x0000000093300000, 0x0000000093400000|  0%| F|  |TAMS 0x0000000093300000, 0x0000000093300000| Untracked 
| 308|0x0000000093400000, 0x0000000093400000, 0x0000000093500000|  0%| F|  |TAMS 0x0000000093400000, 0x0000000093400000| Untracked 
| 309|0x0000000093500000, 0x0000000093500000, 0x0000000093600000|  0%| F|  |TAMS 0x0000000093500000, 0x0000000093500000| Untracked 
| 310|0x0000000093600000, 0x0000000093600000, 0x0000000093700000|  0%| F|  |TAMS 0x0000000093600000, 0x0000000093600000| Untracked 
| 311|0x0000000093700000, 0x0000000093700000, 0x0000000093800000|  0%| F|  |TAMS 0x0000000093700000, 0x0000000093700000| Untracked 
| 312|0x0000000093800000, 0x0000000093800000, 0x0000000093900000|  0%| F|  |TAMS 0x0000000093800000, 0x0000000093800000| Untracked 
| 313|0x0000000093900000, 0x0000000093900000, 0x0000000093a00000|  0%| F|  |TAMS 0x0000000093900000, 0x0000000093900000| Untracked 
| 314|0x0000000093a00000, 0x0000000093a00000, 0x0000000093b00000|  0%| F|  |TAMS 0x0000000093a00000, 0x0000000093a00000| Untracked 
| 315|0x0000000093b00000, 0x0000000093b00000, 0x0000000093c00000|  0%| F|  |TAMS 0x0000000093b00000, 0x0000000093b00000| Untracked 
| 316|0x0000000093c00000, 0x0000000093c00000, 0x0000000093d00000|  0%| F|  |TAMS 0x0000000093c00000, 0x0000000093c00000| Untracked 
| 317|0x0000000093d00000, 0x0000000093d00000, 0x0000000093e00000|  0%| F|  |TAMS 0x0000000093d00000, 0x0000000093d00000| Untracked 
| 318|0x0000000093e00000, 0x0000000093e00000, 0x0000000093f00000|  0%| F|  |TAMS 0x0000000093e00000, 0x0000000093e00000| Untracked 
| 319|0x0000000093f00000, 0x0000000093f00000, 0x0000000094000000|  0%| F|  |TAMS 0x0000000093f00000, 0x0000000093f00000| Untracked 
| 320|0x0000000094000000, 0x0000000094000000, 0x0000000094100000|  0%| F|  |TAMS 0x0000000094000000, 0x0000000094000000| Untracked 
| 321|0x0000000094100000, 0x0000000094100000, 0x0000000094200000|  0%| F|  |TAMS 0x0000000094100000, 0x0000000094100000| Untracked 
| 322|0x0000000094200000, 0x0000000094200000, 0x0000000094300000|  0%| F|  |TAMS 0x0000000094200000, 0x0000000094200000| Untracked 
| 323|0x0000000094300000, 0x0000000094300000, 0x0000000094400000|  0%| F|  |TAMS 0x0000000094300000, 0x0000000094300000| Untracked 
| 324|0x0000000094400000, 0x0000000094400000, 0x0000000094500000|  0%| F|  |TAMS 0x0000000094400000, 0x0000000094400000| Untracked 
| 325|0x0000000094500000, 0x0000000094500000, 0x0000000094600000|  0%| F|  |TAMS 0x0000000094500000, 0x0000000094500000| Untracked 
| 326|0x0000000094600000, 0x0000000094600000, 0x0000000094700000|  0%| F|  |TAMS 0x0000000094600000, 0x0000000094600000| Untracked 
| 327|0x0000000094700000, 0x0000000094700000, 0x0000000094800000|  0%| F|  |TAMS 0x0000000094700000, 0x0000000094700000| Untracked 
| 328|0x0000000094800000, 0x0000000094800000, 0x0000000094900000|  0%| F|  |TAMS 0x0000000094800000, 0x0000000094800000| Untracked 
| 329|0x0000000094900000, 0x0000000094900000, 0x0000000094a00000|  0%| F|  |TAMS 0x0000000094900000, 0x0000000094900000| Untracked 
| 330|0x0000000094a00000, 0x0000000094a00000, 0x0000000094b00000|  0%| F|  |TAMS 0x0000000094a00000, 0x0000000094a00000| Untracked 
| 331|0x0000000094b00000, 0x0000000094b00000, 0x0000000094c00000|  0%| F|  |TAMS 0x0000000094b00000, 0x0000000094b00000| Untracked 
| 332|0x0000000094c00000, 0x0000000094c00000, 0x0000000094d00000|  0%| F|  |TAMS 0x0000000094c00000, 0x0000000094c00000| Untracked 
| 333|0x0000000094d00000, 0x0000000094d00000, 0x0000000094e00000|  0%| F|  |TAMS 0x0000000094d00000, 0x0000000094d00000| Untracked 
| 334|0x0000000094e00000, 0x0000000094e00000, 0x0000000094f00000|  0%| F|  |TAMS 0x0000000094e00000, 0x0000000094e00000| Untracked 
| 335|0x0000000094f00000, 0x0000000094f00000, 0x0000000095000000|  0%| F|  |TAMS 0x0000000094f00000, 0x0000000094f00000| Untracked 
| 336|0x0000000095000000, 0x0000000095000000, 0x0000000095100000|  0%| F|  |TAMS 0x0000000095000000, 0x0000000095000000| Untracked 
| 337|0x0000000095100000, 0x0000000095100000, 0x0000000095200000|  0%| F|  |TAMS 0x0000000095100000, 0x0000000095100000| Untracked 
| 338|0x0000000095200000, 0x0000000095200000, 0x0000000095300000|  0%| F|  |TAMS 0x0000000095200000, 0x0000000095200000| Untracked 
| 339|0x0000000095300000, 0x0000000095300000, 0x0000000095400000|  0%| F|  |TAMS 0x0000000095300000, 0x0000000095300000| Untracked 
| 340|0x0000000095400000, 0x0000000095400000, 0x0000000095500000|  0%| F|  |TAMS 0x0000000095400000, 0x0000000095400000| Untracked 
| 341|0x0000000095500000, 0x0000000095500000, 0x0000000095600000|  0%| F|  |TAMS 0x0000000095500000, 0x0000000095500000| Untracked 
| 342|0x0000000095600000, 0x0000000095600000, 0x0000000095700000|  0%| F|  |TAMS 0x0000000095600000, 0x0000000095600000| Untracked 
| 343|0x0000000095700000, 0x0000000095700000, 0x0000000095800000|  0%| F|  |TAMS 0x0000000095700000, 0x0000000095700000| Untracked 
| 344|0x0000000095800000, 0x0000000095800000, 0x0000000095900000|  0%| F|  |TAMS 0x0000000095800000, 0x0000000095800000| Untracked 
| 345|0x0000000095900000, 0x0000000095900000, 0x0000000095a00000|  0%| F|  |TAMS 0x0000000095900000, 0x0000000095900000| Untracked 
| 346|0x0000000095a00000, 0x0000000095a00000, 0x0000000095b00000|  0%| F|  |TAMS 0x0000000095a00000, 0x0000000095a00000| Untracked 
| 347|0x0000000095b00000, 0x0000000095b00000, 0x0000000095c00000|  0%| F|  |TAMS 0x0000000095b00000, 0x0000000095b00000| Untracked 
| 348|0x0000000095c00000, 0x0000000095c00000, 0x0000000095d00000|  0%| F|  |TAMS 0x0000000095c00000, 0x0000000095c00000| Untracked 
| 349|0x0000000095d00000, 0x0000000095d00000, 0x0000000095e00000|  0%| F|  |TAMS 0x0000000095d00000, 0x0000000095d00000| Untracked 
| 350|0x0000000095e00000, 0x0000000095e00000, 0x0000000095f00000|  0%| F|  |TAMS 0x0000000095e00000, 0x0000000095e00000| Untracked 
| 351|0x0000000095f00000, 0x0000000095f00000, 0x0000000096000000|  0%| F|  |TAMS 0x0000000095f00000, 0x0000000095f00000| Untracked 
| 352|0x0000000096000000, 0x0000000096000000, 0x0000000096100000|  0%| F|  |TAMS 0x0000000096000000, 0x0000000096000000| Untracked 
| 353|0x0000000096100000, 0x0000000096100000, 0x0000000096200000|  0%| F|  |TAMS 0x0000000096100000, 0x0000000096100000| Untracked 
| 354|0x0000000096200000, 0x0000000096200000, 0x0000000096300000|  0%| F|  |TAMS 0x0000000096200000, 0x0000000096200000| Untracked 
| 355|0x0000000096300000, 0x0000000096300000, 0x0000000096400000|  0%| F|  |TAMS 0x0000000096300000, 0x0000000096300000| Untracked 
| 356|0x0000000096400000, 0x0000000096400000, 0x0000000096500000|  0%| F|  |TAMS 0x0000000096400000, 0x0000000096400000| Untracked 
| 357|0x0000000096500000, 0x0000000096500000, 0x0000000096600000|  0%| F|  |TAMS 0x0000000096500000, 0x0000000096500000| Untracked 
| 358|0x0000000096600000, 0x0000000096600000, 0x0000000096700000|  0%| F|  |TAMS 0x0000000096600000, 0x0000000096600000| Untracked 
| 359|0x0000000096700000, 0x0000000096700000, 0x0000000096800000|  0%| F|  |TAMS 0x0000000096700000, 0x0000000096700000| Untracked 
| 360|0x0000000096800000, 0x0000000096800000, 0x0000000096900000|  0%| F|  |TAMS 0x0000000096800000, 0x0000000096800000| Untracked 
| 361|0x0000000096900000, 0x0000000096900000, 0x0000000096a00000|  0%| F|  |TAMS 0x0000000096900000, 0x0000000096900000| Untracked 
| 362|0x0000000096a00000, 0x0000000096a00000, 0x0000000096b00000|  0%| F|  |TAMS 0x0000000096a00000, 0x0000000096a00000| Untracked 
| 363|0x0000000096b00000, 0x0000000096b00000, 0x0000000096c00000|  0%| F|  |TAMS 0x0000000096b00000, 0x0000000096b00000| Untracked 
| 364|0x0000000096c00000, 0x0000000096c00000, 0x0000000096d00000|  0%| F|  |TAMS 0x0000000096c00000, 0x0000000096c00000| Untracked 
| 365|0x0000000096d00000, 0x0000000096d00000, 0x0000000096e00000|  0%| F|  |TAMS 0x0000000096d00000, 0x0000000096d00000| Untracked 
| 366|0x0000000096e00000, 0x0000000096e00000, 0x0000000096f00000|  0%| F|  |TAMS 0x0000000096e00000, 0x0000000096e00000| Untracked 
| 367|0x0000000096f00000, 0x0000000096f00000, 0x0000000097000000|  0%| F|  |TAMS 0x0000000096f00000, 0x0000000096f00000| Untracked 
| 368|0x0000000097000000, 0x0000000097000000, 0x0000000097100000|  0%| F|  |TAMS 0x0000000097000000, 0x0000000097000000| Untracked 
| 369|0x0000000097100000, 0x0000000097100000, 0x0000000097200000|  0%| F|  |TAMS 0x0000000097100000, 0x0000000097100000| Untracked 
| 370|0x0000000097200000, 0x0000000097200000, 0x0000000097300000|  0%| F|  |TAMS 0x0000000097200000, 0x0000000097200000| Untracked 
| 371|0x0000000097300000, 0x0000000097300000, 0x0000000097400000|  0%| F|  |TAMS 0x0000000097300000, 0x0000000097300000| Untracked 
| 372|0x0000000097400000, 0x0000000097400000, 0x0000000097500000|  0%| F|  |TAMS 0x0000000097400000, 0x0000000097400000| Untracked 
| 373|0x0000000097500000, 0x0000000097500000, 0x0000000097600000|  0%| F|  |TAMS 0x0000000097500000, 0x0000000097500000| Untracked 
| 374|0x0000000097600000, 0x0000000097600000, 0x0000000097700000|  0%| F|  |TAMS 0x0000000097600000, 0x0000000097600000| Untracked 
| 375|0x0000000097700000, 0x0000000097700000, 0x0000000097800000|  0%| F|  |TAMS 0x0000000097700000, 0x0000000097700000| Untracked 
| 376|0x0000000097800000, 0x0000000097800000, 0x0000000097900000|  0%| F|  |TAMS 0x0000000097800000, 0x0000000097800000| Untracked 
| 377|0x0000000097900000, 0x0000000097900000, 0x0000000097a00000|  0%| F|  |TAMS 0x0000000097900000, 0x0000000097900000| Untracked 
| 378|0x0000000097a00000, 0x0000000097a00000, 0x0000000097b00000|  0%| F|  |TAMS 0x0000000097a00000, 0x0000000097a00000| Untracked 
| 379|0x0000000097b00000, 0x0000000097b00000, 0x0000000097c00000|  0%| F|  |TAMS 0x0000000097b00000, 0x0000000097b00000| Untracked 
| 380|0x0000000097c00000, 0x0000000097c00000, 0x0000000097d00000|  0%| F|  |TAMS 0x0000000097c00000, 0x0000000097c00000| Untracked 
| 381|0x0000000097d00000, 0x0000000097d00000, 0x0000000097e00000|  0%| F|  |TAMS 0x0000000097d00000, 0x0000000097d00000| Untracked 
| 382|0x0000000097e00000, 0x0000000097e00000, 0x0000000097f00000|  0%| F|  |TAMS 0x0000000097e00000, 0x0000000097e00000| Untracked 
| 383|0x0000000097f00000, 0x0000000097f00000, 0x0000000098000000|  0%| F|  |TAMS 0x0000000097f00000, 0x0000000097f00000| Untracked 
| 384|0x0000000098000000, 0x0000000098000000, 0x0000000098100000|  0%| F|  |TAMS 0x0000000098000000, 0x0000000098000000| Untracked 
| 385|0x0000000098100000, 0x0000000098100000, 0x0000000098200000|  0%| F|  |TAMS 0x0000000098100000, 0x0000000098100000| Untracked 
| 386|0x0000000098200000, 0x0000000098200000, 0x0000000098300000|  0%| F|  |TAMS 0x0000000098200000, 0x0000000098200000| Untracked 

Card table byte_map: [0x0000023ea5050000,0x0000023ea5450000] _byte_map_base: 0x0000023ea4c50000

Marking Bits (Prev, Next): (CMBitMap*) 0x0000023e924d60f0, (CMBitMap*) 0x0000023e924d6130
 Prev Bits: [0x0000023ea5850000, 0x0000023ea7850000)
 Next Bits: [0x0000023ea7850000, 0x0000023ea9850000)

Polling page: 0x0000023e90420000

Metaspace:

Usage:
  Non-class:    131.47 MB used.
      Class:     20.43 MB used.
       Both:    151.90 MB used.

Virtual space:
  Non-class space:      192.00 MB reserved,     132.38 MB ( 69%) committed,  3 nodes.
      Class space:        1.00 GB reserved,      21.38 MB (  2%) committed,  1 nodes.
             Both:        1.19 GB reserved,     153.75 MB ( 13%) committed. 

Chunk freelists:
   Non-Class:  11.42 MB
       Class:  10.72 MB
        Both:  22.14 MB

MaxMetaspaceSize: unlimited
CompressedClassSpaceSize: 1.00 GB
Initial GC threshold: 21.00 MB
Current GC threshold: 254.94 MB
CDS: on
MetaspaceReclaimPolicy: balanced
 - commit_granule_bytes: 65536.
 - commit_granule_words: 8192.
 - virtual_space_node_default_size: 8388608.
 - enlarge_chunks_in_place: 1.
 - new_chunks_are_fully_committed: 0.
 - uncommit_free_chunks: 1.
 - use_allocation_guard: 0.
 - handle_deallocations: 1.


Internal statistics:

num_allocs_failed_limit: 12.
num_arena_births: 3358.
num_arena_deaths: 204.
num_vsnodes_births: 4.
num_vsnodes_deaths: 0.
num_space_committed: 2462.
num_space_uncommitted: 4.
num_chunks_returned_to_freelist: 284.
num_chunks_taken_from_freelist: 10447.
num_chunk_merges: 96.
num_chunk_splits: 6449.
num_chunks_enlarged: 3748.
num_inconsistent_stats: 0.

CodeHeap 'non-profiled nmethods': size=120000Kb used=25039Kb max_used=25039Kb free=94961Kb
 bounds [0x0000023e9d720000, 0x0000023e9efa0000, 0x0000023ea4c50000]
CodeHeap 'profiled nmethods': size=120000Kb used=58316Kb max_used=58493Kb free=61683Kb
 bounds [0x0000023e95c50000, 0x0000023e99580000, 0x0000023e9d180000]
CodeHeap 'non-nmethods': size=5760Kb used=1830Kb max_used=1895Kb free=3929Kb
 bounds [0x0000023e9d180000, 0x0000023e9d3f0000, 0x0000023e9d720000]
 total_blobs=29186 nmethods=28248 adapters=849
 compilation: enabled
              stopped_count=0, restarted_count=0
 full_count=0

Compilation events (20 events):
Event: 4292.313 Thread 0x0000023eabd2d620 nmethod 36697 0x0000023e9ef8ce90 code [0x0000023e9ef8d220, 0x0000023e9ef90dc8]
Event: 4294.612 Thread 0x0000023eabd37b60 36701       3       sun.rmi.transport.DGCImpl::checkInput (149 bytes)
Event: 4294.612 Thread 0x0000023eabd37b60 nmethod 36701 0x0000023e97db0710 code [0x0000023e97db0940, 0x0000023e97db1158]
Event: 4300.512 Thread 0x0000023eabd37b60 36702       3       sun.rmi.transport.tcp.TCPConnection::releaseOutputStream (15 bytes)
Event: 4300.512 Thread 0x0000023eabd37b60 nmethod 36702 0x0000023e96d67a90 code [0x0000023e96d67c40, 0x0000023e96d67e48]
Event: 4300.513 Thread 0x0000023eabd37b60 36704       3       sun.nio.ch.NioSocketImpl::timedRead (85 bytes)
Event: 4300.513 Thread 0x0000023eabd37b60 nmethod 36704 0x0000023e966b0b90 code [0x0000023e966b0d80, 0x0000023e966b1298]
Event: 4300.513 Thread 0x0000023eabd37b60 36703   !   3       sun.nio.ch.NioSocketImpl::configureNonBlocking (63 bytes)
Event: 4300.514 Thread 0x0000023eabd37b60 nmethod 36703 0x0000023e96ad3e10 code [0x0000023e96ad4000, 0x0000023e96ad44e8]
Event: 4301.207 Thread 0x0000023eabd37b60 36705       3       org.gradle.internal.logging.slf4j.DefaultContextAwareTaskLogger::isDebugEnabled (8 bytes)
Event: 4301.208 Thread 0x0000023eabd37b60 nmethod 36705 0x0000023e9689dc10 code [0x0000023e9689ddc0, 0x0000023e9689e088]
Event: 4301.214 Thread 0x0000023eabd37b60 36706       1       org.gradle.internal.logging.sink.OutputEventRenderer$SnapshotImpl::access$000 (5 bytes)
Event: 4301.214 Thread 0x0000023eabd37b60 nmethod 36706 0x0000023e9ef93510 code [0x0000023e9ef936a0, 0x0000023e9ef93758]
Event: 4302.080 Thread 0x0000023eabd37b60 36707       3       org.gradle.internal.fingerprint.impl.DefaultCurrentFileCollectionFingerprint::archive (19 bytes)
Event: 4302.081 Thread 0x0000023eabd37b60 nmethod 36707 0x0000023e96f3d010 code [0x0000023e96f3d1c0, 0x0000023e96f3d368]
Event: 4302.081 Thread 0x0000023eabd37b60 36708       3       org.gradle.internal.execution.history.impl.DefaultExecutionHistoryStore$$Lambda$1894/0x0000023eade93058::createArchivedFileCollectionFingerprint (14 bytes)
Event: 4302.081 Thread 0x0000023eabd37b60 nmethod 36708 0x0000023e95dfef90 code [0x0000023e95dff140, 0x0000023e95dff478]
Event: 4302.085 Thread 0x0000023eabd2d620 36709       4       org.gradle.api.specs.AndSpec::isSatisfiedBy (14 bytes)
Event: 4302.088 Thread 0x0000023eabd2d620 nmethod 36709 0x0000023e9ef93810 code [0x0000023e9ef939a0, 0x0000023e9ef93ad8]
Event: 4302.093 Thread 0x0000023eabd2d620 36710       4       org.objectweb.asm.ClassReader::accept (1419 bytes)

GC Heap History (20 events):
Event: 3791.130 GC heap after
{Heap after GC invocations=61 (full 1):
 garbage-first heap   total 396288K, used 180945K [0x0000000080000000, 0x0000000100000000)
  region size 1024K, 6 young (6144K), 6 survivors (6144K)
 Metaspace       used 154544K, committed 156672K, reserved 1245184K
  class space    used 20889K, committed 21888K, reserved 1048576K
}
Event: 3791.622 GC heap before
{Heap before GC invocations=61 (full 1):
 garbage-first heap   total 396288K, used 293585K [0x0000000080000000, 0x0000000100000000)
  region size 1024K, 117 young (119808K), 6 survivors (6144K)
 Metaspace       used 154556K, committed 156672K, reserved 1245184K
  class space    used 20889K, committed 21888K, reserved 1048576K
}
Event: 3791.636 GC heap after
{Heap after GC invocations=62 (full 1):
 garbage-first heap   total 396288K, used 179611K [0x0000000080000000, 0x0000000100000000)
  region size 1024K, 5 young (5120K), 5 survivors (5120K)
 Metaspace       used 154556K, committed 156672K, reserved 1245184K
  class space    used 20889K, committed 21888K, reserved 1048576K
}
Event: 3798.869 GC heap before
{Heap before GC invocations=62 (full 1):
 garbage-first heap   total 396288K, used 309659K [0x0000000080000000, 0x0000000100000000)
  region size 1024K, 133 young (136192K), 5 survivors (5120K)
 Metaspace       used 154578K, committed 156672K, reserved 1245184K
  class space    used 20890K, committed 21888K, reserved 1048576K
}
Event: 3798.876 GC heap after
{Heap after GC invocations=63 (full 1):
 garbage-first heap   total 396288K, used 177576K [0x0000000080000000, 0x0000000100000000)
  region size 1024K, 3 young (3072K), 3 survivors (3072K)
 Metaspace       used 154578K, committed 156672K, reserved 1245184K
  class space    used 20890K, committed 21888K, reserved 1048576K
}
Event: 3800.422 GC heap before
{Heap before GC invocations=63 (full 1):
 garbage-first heap   total 396288K, used 330152K [0x0000000080000000, 0x0000000100000000)
  region size 1024K, 141 young (144384K), 3 survivors (3072K)
 Metaspace       used 155212K, committed 157056K, reserved 1245184K
  class space    used 20913K, committed 21888K, reserved 1048576K
}
Event: 3800.459 GC heap after
{Heap after GC invocations=64 (full 1):
 garbage-first heap   total 396288K, used 190939K [0x0000000080000000, 0x0000000100000000)
  region size 1024K, 14 young (14336K), 14 survivors (14336K)
 Metaspace       used 155212K, committed 157056K, reserved 1245184K
  class space    used 20913K, committed 21888K, reserved 1048576K
}
Event: 3800.984 GC heap before
{Heap before GC invocations=64 (full 1):
 garbage-first heap   total 396288K, used 316891K [0x0000000080000000, 0x0000000100000000)
  region size 1024K, 138 young (141312K), 14 survivors (14336K)
 Metaspace       used 155232K, committed 157120K, reserved 1245184K
  class space    used 20913K, committed 21888K, reserved 1048576K
}
Event: 3801.012 GC heap after
{Heap after GC invocations=65 (full 1):
 garbage-first heap   total 396288K, used 196723K [0x0000000080000000, 0x0000000100000000)
  region size 1024K, 12 young (12288K), 12 survivors (12288K)
 Metaspace       used 155232K, committed 157120K, reserved 1245184K
  class space    used 20913K, committed 21888K, reserved 1048576K
}
Event: 3801.760 GC heap before
{Heap before GC invocations=65 (full 1):
 garbage-first heap   total 396288K, used 324723K [0x0000000080000000, 0x0000000100000000)
  region size 1024K, 129 young (132096K), 12 survivors (12288K)
 Metaspace       used 155264K, committed 157120K, reserved 1245184K
  class space    used 20913K, committed 21888K, reserved 1048576K
}
Event: 3801.785 GC heap after
{Heap after GC invocations=66 (full 1):
 garbage-first heap   total 396288K, used 205508K [0x0000000080000000, 0x0000000100000000)
  region size 1024K, 13 young (13312K), 13 survivors (13312K)
 Metaspace       used 155264K, committed 157120K, reserved 1245184K
  class space    used 20913K, committed 21888K, reserved 1048576K
}
Event: 4282.519 GC heap before
{Heap before GC invocations=66 (full 1):
 garbage-first heap   total 396288K, used 346820K [0x0000000080000000, 0x0000000100000000)
  region size 1024K, 122 young (124928K), 13 survivors (13312K)
 Metaspace       used 155303K, committed 157120K, reserved 1245184K
  class space    used 20913K, committed 21888K, reserved 1048576K
}
Event: 4282.610 GC heap after
{Heap after GC invocations=67 (full 1):
 garbage-first heap   total 396288K, used 199451K [0x0000000080000000, 0x0000000100000000)
  region size 1024K, 6 young (6144K), 6 survivors (6144K)
 Metaspace       used 155303K, committed 157120K, reserved 1245184K
  class space    used 20913K, committed 21888K, reserved 1048576K
}
Event: 4285.252 GC heap before
{Heap before GC invocations=67 (full 1):
 garbage-first heap   total 396288K, used 352027K [0x0000000080000000, 0x0000000100000000)
  region size 1024K, 123 young (125952K), 6 survivors (6144K)
 Metaspace       used 155411K, committed 157248K, reserved 1245184K
  class space    used 20914K, committed 21888K, reserved 1048576K
}
Event: 4285.292 GC heap after
{Heap after GC invocations=68 (full 1):
 garbage-first heap   total 396288K, used 205402K [0x0000000080000000, 0x0000000100000000)
  region size 1024K, 12 young (12288K), 12 survivors (12288K)
 Metaspace       used 155411K, committed 157248K, reserved 1245184K
  class space    used 20914K, committed 21888K, reserved 1048576K
}
Event: 4291.391 GC heap before
{Heap before GC invocations=68 (full 1):
 garbage-first heap   total 396288K, used 321114K [0x0000000080000000, 0x0000000100000000)
  region size 1024K, 126 young (129024K), 12 survivors (12288K)
 Metaspace       used 155520K, committed 157376K, reserved 1245184K
  class space    used 20915K, committed 21888K, reserved 1048576K
}
Event: 4291.470 GC heap after
{Heap after GC invocations=69 (full 1):
 garbage-first heap   total 396288K, used 218795K [0x0000000080000000, 0x0000000100000000)
  region size 1024K, 16 young (16384K), 16 survivors (16384K)
 Metaspace       used 155520K, committed 157376K, reserved 1245184K
  class space    used 20915K, committed 21888K, reserved 1048576K
}
Event: 4291.775 GC heap before
{Heap before GC invocations=69 (full 1):
 garbage-first heap   total 396288K, used 321195K [0x0000000080000000, 0x0000000100000000)
  region size 1024K, 117 young (119808K), 16 survivors (16384K)
 Metaspace       used 155532K, committed 157376K, reserved 1245184K
  class space    used 20915K, committed 21888K, reserved 1048576K
}
Event: 4291.798 GC heap after
{Heap after GC invocations=70 (full 1):
 garbage-first heap   total 396288K, used 220369K [0x0000000080000000, 0x0000000100000000)
  region size 1024K, 5 young (5120K), 5 survivors (5120K)
 Metaspace       used 155532K, committed 157376K, reserved 1245184K
  class space    used 20915K, committed 21888K, reserved 1048576K
}
Event: 4302.109 GC heap before
{Heap before GC invocations=70 (full 1):
 garbage-first heap   total 396288K, used 324817K [0x0000000080000000, 0x0000000100000000)
  region size 1024K, 108 young (110592K), 5 survivors (5120K)
 Metaspace       used 155542K, committed 157440K, reserved 1245184K
  class space    used 20915K, committed 21888K, reserved 1048576K
}

Dll operation events (4 events):
Event: 0.013 Loaded shared library C:\Users\irfan\.jdks\jbr-17.0.11\bin\java.dll
Event: 0.032 Loaded shared library C:\Users\irfan\.jdks\jbr-17.0.11\bin\jsvml.dll
Event: 0.099 Loaded shared library C:\Users\irfan\.jdks\jbr-17.0.11\bin\zip.dll
Event: 0.823 Loaded shared library C:\Users\irfan\.jdks\jbr-17.0.11\bin\verify.dll

Deoptimization events (20 events):
Event: 4291.673 Thread 0x0000023ef5208270 DEOPT PACKING pc=0x0000023e9ee5702c sp=0x000000cbfb2fb4c0
Event: 4291.673 Thread 0x0000023ef5208270 DEOPT UNPACKING pc=0x0000023e9d1d69a3 sp=0x000000cbfb2fb4d8 mode 2
Event: 4291.674 Thread 0x0000023ef5208270 Uncommon trap: trap_request=0xffffffbe fr.pc=0x0000023e9ee5702c relative=0x000000000000580c
Event: 4291.674 Thread 0x0000023ef5208270 Uncommon trap: reason=profile_predicate action=maybe_recompile pc=0x0000023e9ee5702c method=org.jetbrains.org.objectweb.asm.ClassReader.accept(Lorg/jetbrains/org/objectweb/asm/ClassVisitor;[Lorg/jetbrains/org/objectweb/asm/Attribute;I)V @ 1222 c2
Event: 4291.674 Thread 0x0000023ef5208270 DEOPT PACKING pc=0x0000023e9ee5702c sp=0x000000cbfb2fb5a0
Event: 4291.674 Thread 0x0000023ef5208270 DEOPT UNPACKING pc=0x0000023e9d1d69a3 sp=0x000000cbfb2fb5b8 mode 2
Event: 4291.674 Thread 0x0000023ef5208270 Uncommon trap: trap_request=0xffffffbe fr.pc=0x0000023e9ee5702c relative=0x000000000000580c
Event: 4291.674 Thread 0x0000023ef5208270 Uncommon trap: reason=profile_predicate action=maybe_recompile pc=0x0000023e9ee5702c method=org.jetbrains.org.objectweb.asm.ClassReader.accept(Lorg/jetbrains/org/objectweb/asm/ClassVisitor;[Lorg/jetbrains/org/objectweb/asm/Attribute;I)V @ 1222 c2
Event: 4291.674 Thread 0x0000023ef5208270 DEOPT PACKING pc=0x0000023e9ee5702c sp=0x000000cbfb2fb4c0
Event: 4291.674 Thread 0x0000023ef5208270 DEOPT UNPACKING pc=0x0000023e9d1d69a3 sp=0x000000cbfb2fb4d8 mode 2
Event: 4302.092 Thread 0x0000023ef5b536c0 Uncommon trap: trap_request=0xffffffbe fr.pc=0x0000023e9ee667f4 relative=0x0000000000006e74
Event: 4302.092 Thread 0x0000023ef5b536c0 Uncommon trap: reason=profile_predicate action=maybe_recompile pc=0x0000023e9ee667f4 method=org.objectweb.asm.ClassReader.accept(Lorg/objectweb/asm/ClassVisitor;[Lorg/objectweb/asm/Attribute;I)V @ 1260 c2
Event: 4302.092 Thread 0x0000023ef5b536c0 DEOPT PACKING pc=0x0000023e9ee667f4 sp=0x000000cbf9efc9a0
Event: 4302.092 Thread 0x0000023ef5b536c0 DEOPT UNPACKING pc=0x0000023e9d1d69a3 sp=0x000000cbf9efc9b8 mode 2
Event: 4302.092 Thread 0x0000023ef5b536c0 Uncommon trap: trap_request=0xffffffbe fr.pc=0x0000023e9ee667f4 relative=0x0000000000006e74
Event: 4302.092 Thread 0x0000023ef5b536c0 Uncommon trap: reason=profile_predicate action=maybe_recompile pc=0x0000023e9ee667f4 method=org.objectweb.asm.ClassReader.accept(Lorg/objectweb/asm/ClassVisitor;[Lorg/objectweb/asm/Attribute;I)V @ 1260 c2
Event: 4302.092 Thread 0x0000023ef5b536c0 DEOPT PACKING pc=0x0000023e9ee667f4 sp=0x000000cbf9efc9a0
Event: 4302.092 Thread 0x0000023ef5b536c0 DEOPT UNPACKING pc=0x0000023e9d1d69a3 sp=0x000000cbf9efc9b8 mode 2
Event: 4302.096 Thread 0x0000023ef5b536c0 DEOPT PACKING pc=0x0000023e975784e3 sp=0x000000cbf9efc850
Event: 4302.096 Thread 0x0000023ef5b536c0 DEOPT UNPACKING pc=0x0000023e9d1d7143 sp=0x000000cbf9efbd98 mode 0

Classes unloaded (20 events):
Event: 3634.095 Thread 0x0000023eabd0d7a0 Unloading class 0x0000023ead48cc00 'java/lang/invoke/LambdaForm$MH+0x0000023ead48cc00'
Event: 3634.096 Thread 0x0000023eabd0d7a0 Unloading class 0x0000023ead1fbc00 'java/lang/invoke/LambdaForm$MH+0x0000023ead1fbc00'
Event: 3634.096 Thread 0x0000023eabd0d7a0 Unloading class 0x0000023ead1fb800 'java/lang/invoke/LambdaForm$MH+0x0000023ead1fb800'
Event: 3634.096 Thread 0x0000023eabd0d7a0 Unloading class 0x0000023ead1fb400 'java/lang/invoke/LambdaForm$MH+0x0000023ead1fb400'
Event: 3634.096 Thread 0x0000023eabd0d7a0 Unloading class 0x0000023ead1fb000 'java/lang/invoke/LambdaForm$MH+0x0000023ead1fb000'
Event: 3634.096 Thread 0x0000023eabd0d7a0 Unloading class 0x0000023ead1fac00 'java/lang/invoke/LambdaForm$MH+0x0000023ead1fac00'
Event: 3634.096 Thread 0x0000023eabd0d7a0 Unloading class 0x0000023ead1fa800 'java/lang/invoke/LambdaForm$MH+0x0000023ead1fa800'
Event: 3634.096 Thread 0x0000023eabd0d7a0 Unloading class 0x0000023ead1fa400 'java/lang/invoke/LambdaForm$MH+0x0000023ead1fa400'
Event: 3634.096 Thread 0x0000023eabd0d7a0 Unloading class 0x0000023ead1fa000 'java/lang/invoke/LambdaForm$MH+0x0000023ead1fa000'
Event: 3634.096 Thread 0x0000023eabd0d7a0 Unloading class 0x0000023ead1f9c00 'java/lang/invoke/LambdaForm$MH+0x0000023ead1f9c00'
Event: 3634.096 Thread 0x0000023eabd0d7a0 Unloading class 0x0000023ead1f9800 'java/lang/invoke/LambdaForm$MH+0x0000023ead1f9800'
Event: 3634.096 Thread 0x0000023eabd0d7a0 Unloading class 0x0000023ead1f8800 'java/lang/invoke/LambdaForm$MH+0x0000023ead1f8800'
Event: 3634.097 Thread 0x0000023eabd0d7a0 Unloading class 0x0000023ead1f8400 'java/lang/invoke/LambdaForm$BMH+0x0000023ead1f8400'
Event: 3634.097 Thread 0x0000023eabd0d7a0 Unloading class 0x0000023ead120800 'java/lang/invoke/LambdaForm$DMH+0x0000023ead120800'
Event: 3634.097 Thread 0x0000023eabd0d7a0 Unloading class 0x0000023ead120000 'java/lang/invoke/LambdaForm$DMH+0x0000023ead120000'
Event: 3634.097 Thread 0x0000023eabd0d7a0 Unloading class 0x0000023ead038400 'java/lang/invoke/LambdaForm$DMH+0x0000023ead038400'
Event: 3634.097 Thread 0x0000023eabd0d7a0 Unloading class 0x0000023ead02b000 'java/lang/invoke/LambdaForm$MH+0x0000023ead02b000'
Event: 3634.098 Thread 0x0000023eabd0d7a0 Unloading class 0x0000023ead02ac00 'java/lang/invoke/LambdaForm$MH+0x0000023ead02ac00'
Event: 3634.098 Thread 0x0000023eabd0d7a0 Unloading class 0x0000023ead028800 'java/lang/invoke/LambdaForm$MH+0x0000023ead028800'
Event: 3783.376 Thread 0x0000023eabd0d7a0 Unloading class 0x0000023eade89800 'jdk/internal/reflect/GeneratedSerializationConstructorAccessor155'

Classes redefined (0 events):
No events

Internal exceptions (20 events):
Event: 4284.296 Thread 0x0000023ef5b58cd0 Exception <a 'sun/nio/fs/WindowsException'{0x00000000922258b8}> (0x00000000922258b8) 
thrown [s\src\hotspot\share\prims\jni.cpp, line 531]
Event: 4284.296 Thread 0x0000023ef5b58cd0 Exception <a 'sun/nio/fs/WindowsException'{0x0000000092225b48}> (0x0000000092225b48) 
thrown [s\src\hotspot\share\prims\jni.cpp, line 531]
Event: 4284.297 Thread 0x0000023ef5b58cd0 Exception <a 'sun/nio/fs/WindowsException'{0x0000000092227818}> (0x0000000092227818) 
thrown [s\src\hotspot\share\prims\jni.cpp, line 531]
Event: 4284.297 Thread 0x0000023ef5b58cd0 Exception <a 'sun/nio/fs/WindowsException'{0x0000000092227a70}> (0x0000000092227a70) 
thrown [s\src\hotspot\share\prims\jni.cpp, line 531]
Event: 4284.321 Thread 0x0000023ef5b58cd0 Exception <a 'sun/nio/fs/WindowsException'{0x00000000922c2a98}> (0x00000000922c2a98) 
thrown [s\src\hotspot\share\prims\jni.cpp, line 531]
Event: 4284.716 Thread 0x0000023ef5b52280 Exception <a 'sun/nio/fs/WindowsException'{0x0000000090aa7a00}> (0x0000000090aa7a00) 
thrown [s\src\hotspot\share\prims\jni.cpp, line 531]
Event: 4284.716 Thread 0x0000023ef5b52280 Exception <a 'sun/nio/fs/WindowsException'{0x0000000090aa7c90}> (0x0000000090aa7c90) 
thrown [s\src\hotspot\share\prims\jni.cpp, line 531]
Event: 4284.719 Thread 0x0000023ef5b52280 Exception <a 'sun/nio/fs/WindowsException'{0x0000000090aa9968}> (0x0000000090aa9968) 
thrown [s\src\hotspot\share\prims\jni.cpp, line 531]
Event: 4284.719 Thread 0x0000023ef5b52280 Exception <a 'sun/nio/fs/WindowsException'{0x0000000090aa9bc0}> (0x0000000090aa9bc0) 
thrown [s\src\hotspot\share\prims\jni.cpp, line 531]
Event: 4284.729 Thread 0x0000023ef5b52280 Exception <a 'sun/nio/fs/WindowsException'{0x00000000909130f0}> (0x00000000909130f0) 
thrown [s\src\hotspot\share\prims\jni.cpp, line 531]
Event: 4285.394 Thread 0x0000023ef5b536c0 Exception <a 'sun/nio/fs/WindowsException'{0x0000000097fd3b40}> (0x0000000097fd3b40) 
thrown [s\src\hotspot\share\prims\jni.cpp, line 531]
Event: 4285.394 Thread 0x0000023ef5b536c0 Exception <a 'sun/nio/fs/WindowsException'{0x0000000097fd3da0}> (0x0000000097fd3da0) 
thrown [s\src\hotspot\share\prims\jni.cpp, line 531]
Event: 4285.690 Thread 0x0000023ef5b56e70 Exception <a 'sun/nio/fs/WindowsException'{0x00000000978b7b28}> (0x00000000978b7b28) 
thrown [s\src\hotspot\share\prims\jni.cpp, line 531]
Event: 4287.516 Thread 0x0000023ef3588e20 Exception <a 'sun/nio/fs/WindowsException'{0x00000000944450b0}> (0x00000000944450b0) 
thrown [s\src\hotspot\share\prims\jni.cpp, line 531]
Event: 4287.516 Thread 0x0000023ef3588e20 Exception <a 'sun/nio/fs/WindowsException'{0x0000000094445380}> (0x0000000094445380) 
thrown [s\src\hotspot\share\prims\jni.cpp, line 531]
Event: 4287.516 Thread 0x0000023ef3588e20 Exception <a 'sun/nio/fs/WindowsException'{0x00000000944cfcb0}> (0x00000000944cfcb0) 
thrown [s\src\hotspot\share\prims\jni.cpp, line 531]
Event: 4287.517 Thread 0x0000023ef3588e20 Exception <a 'sun/nio/fs/WindowsException'{0x00000000944cff40}> (0x00000000944cff40) 
thrown [s\src\hotspot\share\prims\jni.cpp, line 531]
Event: 4291.346 Thread 0x0000023ef3588e20 Exception <a 'sun/nio/fs/WindowsException'{0x00000000922032c0}> (0x00000000922032c0) 
thrown [s\src\hotspot\share\prims\jni.cpp, line 531]
Event: 4291.346 Thread 0x0000023ef3588e20 Exception <a 'sun/nio/fs/WindowsException'{0x0000000092203550}> (0x0000000092203550) 
thrown [s\src\hotspot\share\prims\jni.cpp, line 531]
Event: 4292.317 Thread 0x0000023ef52054e0 Exception <a 'java/lang/InterruptedException'{0x00000000927cdf28}> (0x00000000927cdf28) 
thrown [s\src\hotspot\share\runtime\objectMonitor.cpp, line 1658]

VM Operations (20 events):
Event: 4282.611 Executing VM operation: G1CollectForAllocation done
Event: 4284.611 Executing VM operation: Cleanup
Event: 4284.627 Executing VM operation: Cleanup done
Event: 4285.252 Executing VM operation: G1CollectForAllocation
Event: 4285.292 Executing VM operation: G1CollectForAllocation done
Event: 4286.303 Executing VM operation: Cleanup
Event: 4286.303 Executing VM operation: Cleanup done
Event: 4287.169 Executing VM operation: HandshakeAllThreads
Event: 4287.170 Executing VM operation: HandshakeAllThreads done
Event: 4288.174 Executing VM operation: Cleanup
Event: 4288.175 Executing VM operation: Cleanup done
Event: 4291.391 Executing VM operation: G1CollectForAllocation
Event: 4291.470 Executing VM operation: G1CollectForAllocation done
Event: 4291.775 Executing VM operation: G1CollectForAllocation
Event: 4291.799 Executing VM operation: G1CollectForAllocation done
Event: 4292.799 Executing VM operation: Cleanup
Event: 4292.799 Executing VM operation: Cleanup done
Event: 4301.812 Executing VM operation: Cleanup
Event: 4301.812 Executing VM operation: Cleanup done
Event: 4302.109 Executing VM operation: G1CollectForAllocation

Events (20 events):
Event: 4287.434 Thread 0x0000023eabd4caa0 flushing nmethod 0x0000023e98802190
Event: 4287.435 Thread 0x0000023eabd4caa0 flushing nmethod 0x0000023e98841810
Event: 4287.435 Thread 0x0000023eabd4caa0 flushing nmethod 0x0000023e98850590
Event: 4287.453 Thread 0x0000023eabd4caa0 flushing nmethod 0x0000023e990ffd10
Event: 4287.456 Thread 0x0000023eabd4caa0 flushing nmethod 0x0000023e99302990
Event: 4287.485 Thread 0x0000023ef3588910 Thread added: 0x0000023ef3588910
Event: 4287.507 Thread 0x0000023ef3584c50 Thread added: 0x0000023ef3584c50
Event: 4287.659 Thread 0x0000023ef3589330 Thread added: 0x0000023ef3589330
Event: 4287.672 Thread 0x0000023ef3584230 Thread added: 0x0000023ef3584230
Event: 4287.672 Thread 0x0000023ef520a5e0 Thread added: 0x0000023ef520a5e0
Event: 4288.076 Thread 0x0000023efef75080 Thread exited: 0x0000023efef75080
Event: 4291.339 Thread 0x0000023efef775b0 Thread added: 0x0000023efef775b0
Event: 4291.645 Thread 0x0000023ef5208270 Thread added: 0x0000023ef5208270
Event: 4291.956 Thread 0x0000023ef5207d60 Thread added: 0x0000023ef5207d60
Event: 4291.957 Thread 0x0000023ef520ba20 Thread added: 0x0000023ef520ba20
Event: 4292.205 Thread 0x0000023efef775b0 Thread exited: 0x0000023efef775b0
Event: 4292.231 Thread 0x0000023ef5204ac0 Thread added: 0x0000023ef5204ac0
Event: 4292.303 Thread 0x0000023ef52054e0 Thread added: 0x0000023ef52054e0
Event: 4292.401 Thread 0x0000023ef5205f00 Thread added: 0x0000023ef5205f00
Event: 4294.586 Thread 0x0000023ef5208c90 Thread added: 0x0000023ef5208c90


Dynamic libraries:
0x00007ff685620000 - 0x00007ff68562a000 	C:\Users\irfan\.jdks\jbr-17.0.11\bin\java.exe
0x00007fff44290000 - 0x00007fff444a7000 	C:\Windows\SYSTEM32\ntdll.dll
0x00007fff42ce0000 - 0x00007fff42da4000 	C:\Windows\System32\KERNEL32.DLL
0x00007fff41660000 - 0x00007fff41a17000 	C:\Windows\System32\KERNELBASE.dll
0x00007fff41a90000 - 0x00007fff41ba1000 	C:\Windows\System32\ucrtbase.dll
0x00007fff0a580000 - 0x00007fff0a59b000 	C:\Users\irfan\.jdks\jbr-17.0.11\bin\VCRUNTIME140.dll
0x00007fff0d770000 - 0x00007fff0d787000 	C:\Users\irfan\.jdks\jbr-17.0.11\bin\jli.dll
0x00007fff431c0000 - 0x00007fff4336f000 	C:\Windows\System32\USER32.dll
0x00007fff41c50000 - 0x00007fff41c76000 	C:\Windows\System32\win32u.dll
0x00007fff2e630000 - 0x00007fff2e8c3000 	C:\Windows\WinSxS\amd64_microsoft.windows.common-controls_6595b64144ccf1df_6.0.22621.3672_none_2713b9d173822955\COMCTL32.dll
0x00007fff43b70000 - 0x00007fff43c17000 	C:\Windows\System32\msvcrt.dll
0x00007fff41fc0000 - 0x00007fff41fe9000 	C:\Windows\System32\GDI32.dll
0x00007fff41d30000 - 0x00007fff41e48000 	C:\Windows\System32\gdi32full.dll
0x00007fff41bb0000 - 0x00007fff41c4a000 	C:\Windows\System32\msvcp_win.dll
0x00007fff42db0000 - 0x00007fff42de1000 	C:\Windows\System32\IMM32.DLL
0x00007fff3d920000 - 0x00007fff3d92c000 	C:\Users\irfan\.jdks\jbr-17.0.11\bin\vcruntime140_1.dll
0x00007ffeef780000 - 0x00007ffeef80d000 	C:\Users\irfan\.jdks\jbr-17.0.11\bin\msvcp140.dll
0x00007ffee9e20000 - 0x00007ffeeaaa3000 	C:\Users\irfan\.jdks\jbr-17.0.11\bin\server\jvm.dll
0x00007fff42b00000 - 0x00007fff42bb2000 	C:\Windows\System32\ADVAPI32.dll
0x00007fff43f90000 - 0x00007fff44038000 	C:\Windows\System32\sechost.dll
0x00007fff41c80000 - 0x00007fff41ca8000 	C:\Windows\System32\bcrypt.dll
0x00007fff42bc0000 - 0x00007fff42cd4000 	C:\Windows\System32\RPCRT4.dll
0x00007fff40450000 - 0x00007fff4049d000 	C:\Windows\SYSTEM32\POWRPROF.dll
0x00007fff3d530000 - 0x00007fff3d564000 	C:\Windows\SYSTEM32\WINMM.dll
0x00007fff3ac40000 - 0x00007fff3ac4a000 	C:\Windows\SYSTEM32\VERSION.dll
0x00007fff2fb90000 - 0x00007fff2fb99000 	C:\Windows\SYSTEM32\WSOCK32.dll
0x00007fff43f10000 - 0x00007fff43f81000 	C:\Windows\System32\WS2_32.dll
0x00007fff40430000 - 0x00007fff40443000 	C:\Windows\SYSTEM32\UMPDC.dll
0x00007fff406e0000 - 0x00007fff406f8000 	C:\Windows\SYSTEM32\kernel.appcore.dll
0x00007fff2f310000 - 0x00007fff2f31a000 	C:\Users\irfan\.jdks\jbr-17.0.11\bin\jimage.dll
0x00007fff2a3f0000 - 0x00007fff2a622000 	C:\Windows\SYSTEM32\DBGHELP.DLL
0x00007fff42df0000 - 0x00007fff4317e000 	C:\Windows\System32\combase.dll
0x00007fff421b0000 - 0x00007fff42287000 	C:\Windows\System32\OLEAUT32.dll
0x00007fff29b10000 - 0x00007fff29b42000 	C:\Windows\SYSTEM32\dbgcore.DLL
0x00007fff41cb0000 - 0x00007fff41d2b000 	C:\Windows\System32\bcryptPrimitives.dll
0x00007fff37460000 - 0x00007fff3746e000 	C:\Users\irfan\.jdks\jbr-17.0.11\bin\instrument.dll
0x00007fff09390000 - 0x00007fff093b5000 	C:\Users\irfan\.jdks\jbr-17.0.11\bin\java.dll
0x00007ffeee5b0000 - 0x00007ffeee687000 	C:\Users\irfan\.jdks\jbr-17.0.11\bin\jsvml.dll
0x00007fff42290000 - 0x00007fff42af9000 	C:\Windows\System32\SHELL32.dll
0x00007fff3f520000 - 0x00007fff3fe1f000 	C:\Windows\SYSTEM32\windows.storage.dll
0x00007fff3f3e0000 - 0x00007fff3f51f000 	C:\Windows\SYSTEM32\wintypes.dll
0x00007fff43a10000 - 0x00007fff43b09000 	C:\Windows\System32\SHCORE.dll
0x00007fff441f0000 - 0x00007fff4424e000 	C:\Windows\System32\shlwapi.dll
0x00007fff414d0000 - 0x00007fff414f7000 	C:\Windows\SYSTEM32\profapi.dll
0x00007fff0a560000 - 0x00007fff0a578000 	C:\Users\irfan\.jdks\jbr-17.0.11\bin\zip.dll
0x00007fff05fb0000 - 0x00007fff05fc9000 	C:\Users\irfan\.jdks\jbr-17.0.11\bin\net.dll
0x00007fff3d0f0000 - 0x00007fff3d226000 	C:\Windows\SYSTEM32\WINHTTP.dll
0x00007fff40b50000 - 0x00007fff40bb9000 	C:\Windows\system32\mswsock.dll
0x00007ffef0150000 - 0x00007ffef0166000 	C:\Users\irfan\.jdks\jbr-17.0.11\bin\nio.dll
0x00007fff3dc50000 - 0x00007fff3dc60000 	C:\Users\irfan\.jdks\jbr-17.0.11\bin\verify.dll
0x00007fff0f760000 - 0x00007fff0f787000 	C:\Users\irfan\.gradle\native\c067742578af261105cb4f569cf0c3c89f3d7b1fecec35dd04571415982c5e48\windows-amd64\native-platform.dll
0x00007fff0d7d0000 - 0x00007fff0d914000 	C:\Users\irfan\.gradle\native\100fb08df4bc3b14c8652ba06237920a3bd2aa13389f12d3474272988ae205f9\windows-amd64\native-platform-file-events.dll
0x00007fff3dc40000 - 0x00007fff3dc49000 	C:\Users\irfan\.jdks\jbr-17.0.11\bin\management.dll
0x00007fff3dc30000 - 0x00007fff3dc3b000 	C:\Users\irfan\.jdks\jbr-17.0.11\bin\management_ext.dll
0x00007fff431a0000 - 0x00007fff431a8000 	C:\Windows\System32\PSAPI.DLL
0x00007fff40da0000 - 0x00007fff40dbb000 	C:\Windows\SYSTEM32\CRYPTSP.dll
0x00007fff40640000 - 0x00007fff40675000 	C:\Windows\system32\rsaenh.dll
0x00007fff40c40000 - 0x00007fff40c68000 	C:\Windows\SYSTEM32\USERENV.dll
0x00007fff40dc0000 - 0x00007fff40dcc000 	C:\Windows\SYSTEM32\CRYPTBASE.dll
0x00007fff400f0000 - 0x00007fff4011d000 	C:\Windows\SYSTEM32\IPHLPAPI.DLL
0x00007fff431b0000 - 0x00007fff431b9000 	C:\Windows\System32\NSI.dll
0x00007fff3c6d0000 - 0x00007fff3c6e9000 	C:\Windows\SYSTEM32\dhcpcsvc6.DLL
0x00007fff3c6b0000 - 0x00007fff3c6cf000 	C:\Windows\SYSTEM32\dhcpcsvc.DLL
0x00007fff40160000 - 0x00007fff40262000 	C:\Windows\SYSTEM32\DNSAPI.dll
0x00007fff2dd30000 - 0x00007fff2dd39000 	C:\Users\irfan\.jdks\jbr-17.0.11\bin\extnet.dll
0x00007fff33df0000 - 0x00007fff33dfe000 	C:\Users\irfan\.jdks\jbr-17.0.11\bin\sunmscapi.dll
0x00007fff41e50000 - 0x00007fff41fb6000 	C:\Windows\System32\CRYPT32.dll
0x00007fff40f60000 - 0x00007fff40f8d000 	C:\Windows\SYSTEM32\ncrypt.dll
0x00007fff40f20000 - 0x00007fff40f57000 	C:\Windows\SYSTEM32\NTASN1.dll
0x00007fff3ddc0000 - 0x00007fff3ddc8000 	C:\Windows\system32\wshunix.dll
0x00007fff077d0000 - 0x00007fff077e7000 	C:\Windows\system32\napinsp.dll
0x00007fff077b0000 - 0x00007fff077cb000 	C:\Windows\system32\pnrpnsp.dll
0x00007fff077f0000 - 0x00007fff07801000 	C:\Windows\System32\winrnr.dll
0x00007fff1c4f0000 - 0x00007fff1c505000 	C:\Windows\system32\wshbth.dll
0x00007fff3ba80000 - 0x00007fff3baa7000 	C:\Windows\system32\nlansp_c.dll
0x00007fff35c30000 - 0x00007fff35c3a000 	C:\Windows\System32\rasadhlp.dll
0x00007fff3a370000 - 0x00007fff3a3f3000 	C:\Windows\System32\fwpuclnt.dll
0x00007fff3e810000 - 0x00007fff3e817000 	C:\Users\irfan\.jdks\jbr-17.0.11\bin\rmi.dll
0x00007fff33440000 - 0x00007fff3345e000 	C:\Users\irfan\AppData\Local\Temp\native-platform13763062483395217668dir\native-platform.dll
0x00007fff407f0000 - 0x00007fff40824000 	C:\Windows\SYSTEM32\ntmarta.dll

dbghelp: loaded successfully - version: 4.0.5 - missing functions: none
symbol engine: initialized successfully - sym options: 0x614 - pdb path: .;C:\Users\irfan\.jdks\jbr-17.0.11\bin;C:\Windows\SYSTEM32;C:\Windows\WinSxS\amd64_microsoft.windows.common-controls_6595b64144ccf1df_6.0.22621.3672_none_2713b9d173822955;C:\Users\irfan\.jdks\jbr-17.0.11\bin\server;C:\Users\irfan\.gradle\native\c067742578af261105cb4f569cf0c3c89f3d7b1fecec35dd04571415982c5e48\windows-amd64;C:\Users\irfan\.gradle\native\100fb08df4bc3b14c8652ba06237920a3bd2aa13389f12d3474272988ae205f9\windows-amd64;C:\Users\irfan\AppData\Local\Temp\native-platform13763062483395217668dir

VM Arguments:
jvm_args: --add-opens=java.base/java.util=ALL-UNNAMED --add-opens=java.base/java.lang=ALL-UNNAMED --add-opens=java.base/java.lang.invoke=ALL-UNNAMED --add-opens=java.prefs/java.util.prefs=ALL-UNNAMED --add-exports=jdk.compiler/com.sun.tools.javac.api=ALL-UNNAMED --add-exports=jdk.compiler/com.sun.tools.javac.util=ALL-UNNAMED --add-opens=java.base/java.nio.charset=ALL-UNNAMED --add-opens=java.base/java.net=ALL-UNNAMED --add-opens=java.base/java.util.concurrent.atomic=ALL-UNNAMED -Xmx2048m -Dfile.encoding=UTF-8 -Duser.country=US -Duser.language=en -Duser.variant -javaagent:C:\Users\irfan\.gradle\wrapper\dists\gradle-8.9-bin\90cnw93cvbtalezasaz0blq0a\gradle-8.9\lib\agents\gradle-instrumentation-agent-8.9.jar 
java_command: org.gradle.launcher.daemon.bootstrap.GradleDaemon 8.9
java_class_path (initial): C:\Users\irfan\.gradle\wrapper\dists\gradle-8.9-bin\90cnw93cvbtalezasaz0blq0a\gradle-8.9\lib\gradle-daemon-main-8.9.jar
Launcher Type: SUN_STANDARD

[Global flags]
     intx CICompilerCount                          = 3                                         {product} {ergonomic}
     uint ConcGCThreads                            = 1                                         {product} {ergonomic}
     uint G1ConcRefinementThreads                  = 4                                         {product} {ergonomic}
   size_t G1HeapRegionSize                         = 1048576                                   {product} {ergonomic}
    uintx GCDrainStackTargetSize                   = 64                                        {product} {ergonomic}
   size_t InitialHeapSize                          = 134217728                                 {product} {ergonomic}
   size_t MarkStackSize                            = 4194304                                   {product} {ergonomic}
   size_t MaxHeapSize                              = 2147483648                                {product} {command line}
   size_t MaxNewSize                               = 1287651328                                {product} {ergonomic}
   size_t MinHeapDeltaBytes                        = 1048576                                   {product} {ergonomic}
   size_t MinHeapSize                              = 8388608                                   {product} {ergonomic}
    uintx NonNMethodCodeHeapSize                   = 5832780                                {pd product} {ergonomic}
    uintx NonProfiledCodeHeapSize                  = 122912730                              {pd product} {ergonomic}
    uintx ProfiledCodeHeapSize                     = 122912730                              {pd product} {ergonomic}
    uintx ReservedCodeCacheSize                    = 251658240                              {pd product} {ergonomic}
     bool SegmentedCodeCache                       = true                                      {product} {ergonomic}
   size_t SoftMaxHeapSize                          = 2147483648                             {manageable} {ergonomic}
     bool UseCompressedClassPointers               = true                           {product lp64_product} {ergonomic}
     bool UseCompressedOops                        = true                           {product lp64_product} {ergonomic}
     bool UseG1GC                                  = true                                      {product} {ergonomic}
     bool UseLargePagesIndividualAllocation        = false                                  {pd product} {ergonomic}

Logging:
Log output configuration:
 #0: stdout all=warning uptime,level,tags
 #1: stderr all=off uptime,level,tags

Environment Variables:
PATH=C:\Windows\system32;C:\Windows;C:\Windows\System32\Wbem;C:\Windows\System32\WindowsPowerShell\v1.0\;C:\Windows\System32\OpenSSH\;C:\Program Files\Git\cmd;C:\Users\irfan\AppData\Local\Microsoft\WindowsApps;
USERNAME=Syed Saddam
OS=Windows_NT
PROCESSOR_IDENTIFIER=Intel64 Family 6 Model 61 Stepping 4, GenuineIntel
TMP=C:\Users\irfan\AppData\Local\Temp
TEMP=C:\Users\irfan\AppData\Local\Temp



Periodic native trim disabled

JNI global refs:
JNI global refs: 27, weak refs: 1

JNI global refs memory usage: 843, weak refs: 841

Process memory usage:
Resident Set Size: 549516K (6% of 8301008K total physical memory with 396920K free physical memory)

OOME stack traces (most recent first):
Classloader memory used:
Loader org.gradle.internal.classloader.VisitableURLClassLoader$InstrumentingVisitableURLClassLoader: 7895K
Loader org.gradle.internal.classloader.VisitableURLClassLoader                         : 5706K
Loader bootstrap                                                                       : 2565K
Loader org.gradle.initialization.MixInLegacyTypesClassLoader                           : 1570K
Loader jdk.internal.loader.ClassLoaders$AppClassLoader                                 : 1140K
Loader jdk.internal.reflect.DelegatingClassLoader                                      : 395K
Loader jdk.internal.loader.ClassLoaders$PlatformClassLoader                            : 100K
Loader org.gradle.internal.classloader.VisitableURLClassLoader                         : 35328B
Loader jdk.internal.jrtfs.JrtFileSystemProvider$JrtFsLoader                            : 34407B
Loader sun.reflect.misc.MethodUtil                                                     : 373B

Classes loaded by more than one classloader:
Class Program                                                                         : loaded 5 times (x 70B)
Class Build_gradle$1                                                                  : loaded 3 times (x 72B)
Class Build_gradle                                                                    : loaded 3 times (x 128B)
Class com.google.common.collect.Iterators$MergingIterator                             : loaded 2 times (x 79B)
Class org.apache.commons.io.function.IOFunction                                       : loaded 2 times (x 68B)
Class com.google.common.io.Closer$SuppressingSuppressor                               : loaded 2 times (x 73B)
Class net.rubygrapefruit.platform.internal.FunctionResult$Failure                     : loaded 2 times (x 77B)
Class org.objectweb.asm.ModuleVisitor                                                 : loaded 2 times (x 79B)
Class com.google.common.collect.Maps$IteratorBasedAbstractMap$1                       : loaded 2 times (x 136B)
Class com.google.common.io.ByteSource                                                 : loaded 2 times (x 82B)
Class [Lcom.google.common.collect.AbstractMapEntry;                                   : loaded 2 times (x 67B)
Class com.google.common.io.AppendableWriter                                           : loaded 2 times (x 98B)
Class com.google.common.collect.ImmutableRangeSet$AsSet                               : loaded 2 times (x 233B)
Class com.google.common.collect.SingletonImmutableList                                : loaded 2 times (x 167B)
Class com.google.common.cache.CacheLoader$SupplierToCacheLoader                       : loaded 2 times (x 73B)
Class org.gradle.internal.classpath.ClassPath                                         : loaded 2 times (x 68B)
Class com.google.common.io.FileWriteMode                                              : loaded 2 times (x 77B)
Class com.google.common.cache.RemovalListener                                         : loaded 2 times (x 68B)
Class org.gradle.api.internal.classpath.DefaultModuleRegistry                         : loaded 2 times (x 81B)
Class com.google.common.collect.FluentIterable$1                                      : loaded 2 times (x 79B)
Class com.google.common.collect.FluentIterable$2                                      : loaded 2 times (x 79B)
Class com.google.common.collect.FluentIterable$3                                      : loaded 2 times (x 79B)
Class Settings_gradle$1$1                                                             : loaded 2 times (x 72B)
Class com.google.common.collect.ImmutableEnumSet                                      : loaded 2 times (x 144B)
Class [Lcom.google.common.collect.MapMaker$Dummy;                                     : loaded 2 times (x 67B)
Class com.google.common.collect.ListMultimap                                          : loaded 2 times (x 68B)
Class com.google.common.base.CharMatcher$JavaDigit                                    : loaded 2 times (x 109B)
Class com.google.common.base.CharMatcher$Digit                                        : loaded 2 times (x 110B)
Class com.google.common.collect.AbstractMultimap                                      : loaded 2 times (x 121B)
Class jdk.internal.jimage.BasicImageReader$1                                          : loaded 2 times (x 75B)
Class com.google.common.io.ByteSource$ConcatenatedByteSource                          : loaded 2 times (x 83B)
Class com.google.common.cache.CacheBuilder$OneWeigher                                 : loaded 2 times (x 80B)
Class org.gradle.api.Action                                                           : loaded 2 times (x 68B)
Class com.google.common.io.ByteSource$SlicedByteSource                                : loaded 2 times (x 83B)
Class com.google.common.io.ByteArrayDataOutput                                        : loaded 2 times (x 68B)
Class com.google.common.collect.ImmutableEntry                                        : loaded 2 times (x 80B)
Class com.google.common.collect.Lists$StringAsImmutableList                           : loaded 2 times (x 167B)
Class org.apache.commons.io.Charsets                                                  : loaded 2 times (x 69B)
Class com.google.common.collect.ImmutableMap$SerializedForm                           : loaded 2 times (x 71B)
Class com.google.common.cache.LocalCache$StrongEntry                                  : loaded 2 times (x 106B)
Class com.google.common.collect.MapMakerInternalMap$InternalEntryHelper               : loaded 2 times (x 68B)
Class org.objectweb.asm.FieldWriter                                                   : loaded 2 times (x 76B)
Class com.google.common.base.CharMatcher                                              : loaded 2 times (x 109B)
Class jdk.internal.jimage.ImageBufferCache$1                                          : loaded 2 times (x 78B)
Class jdk.internal.jimage.ImageBufferCache$2                                          : loaded 2 times (x 89B)
Class com.google.common.base.CharMatcher$IsNot                                        : loaded 2 times (x 109B)
Class com.google.common.collect.RegularImmutableSortedSet                             : loaded 2 times (x 233B)
Class com.google.common.collect.Maps$IteratorBasedAbstractMap                         : loaded 2 times (x 123B)
Class net.rubygrapefruit.platform.internal.FunctionResult                             : loaded 2 times (x 75B)
Class com.google.common.collect.SetMultimap                                           : loaded 2 times (x 68B)
Class com.google.common.base.Splitter                                                 : loaded 2 times (x 70B)
Class [Lcom.google.common.cache.Weigher;                                              : loaded 2 times (x 67B)
Class com.google.common.collect.Iterators$ArrayItr                                    : loaded 2 times (x 95B)
Class com.google.common.collect.MapMakerInternalMap$Strength                          : loaded 2 times (x 78B)
Class com.google.common.cache.LocalCache$Segment                                      : loaded 2 times (x 152B)
Class org.gradle.api.internal.DefaultClassPathProvider                                : loaded 2 times (x 74B)
Class org.gradle.internal.installation.GradleInstallation$1                           : loaded 2 times (x 73B)
Class com.google.common.cache.LocalCache$AbstractReferenceEntry                       : loaded 2 times (x 105B)
Class jdk.internal.jrtfs.SystemImage$1                                                : loaded 2 times (x 76B)
Class org.objectweb.asm.Type                                                          : loaded 2 times (x 70B)
Class jdk.internal.jrtfs.SystemImage$2                                                : loaded 2 times (x 74B)
Class com.google.common.util.concurrent.AbstractFuture$Failure                        : loaded 2 times (x 70B)
Class com.google.common.base.CharMatcher$BitSetMatcher                                : loaded 2 times (x 110B)
Class com.google.common.collect.ImmutableMap$IteratorBasedImmutableMap                : loaded 2 times (x 123B)
Class com.google.common.reflect.Reflection                                            : loaded 2 times (x 69B)
Class com.google.common.io.Files$FileByteSource                                       : loaded 2 times (x 83B)
Class com.google.common.collect.ImmutableMap                                          : loaded 2 times (x 118B)
Class com.google.common.base.Converter                                                : loaded 2 times (x 88B)
Class com.google.common.collect.ImmutableSortedSetFauxverideShim                      : loaded 2 times (x 145B)
Class com.google.common.collect.ImmutableSet$EmptySetBuilderImpl                      : loaded 2 times (x 74B)
Class com.google.common.base.Equivalence                                              : loaded 2 times (x 80B)
Class com.google.common.primitives.Ints                                               : loaded 2 times (x 69B)
Class com.google.common.cache.LocalCache$EntryFactory$1                               : loaded 2 times (x 81B)
Class com.google.common.cache.LocalCache$EntryFactory$2                               : loaded 2 times (x 81B)
Class com.google.common.cache.LocalCache$EntryFactory$3                               : loaded 2 times (x 81B)
Class [Lcom.google.common.collect.Maps$EntryFunction;                                 : loaded 2 times (x 67B)
Class com.google.common.cache.LocalCache$EntryFactory$4                               : loaded 2 times (x 81B)
Class com.google.common.cache.LocalCache$EntryFactory$5                               : loaded 2 times (x 81B)
Class com.google.common.cache.LocalCache$EntryFactory$6                               : loaded 2 times (x 81B)
Class com.google.common.reflect.TypeResolver$TypeVariableKey                          : loaded 2 times (x 70B)
Class com.google.common.cache.LocalCache$EntryFactory$7                               : loaded 2 times (x 81B)
Class com.google.common.cache.LocalCache$EntryFactory$8                               : loaded 2 times (x 81B)
Class com.google.common.base.Predicate                                                : loaded 2 times (x 68B)
Class com.google.common.cache.LocalCache$StrongValueReference                         : loaded 2 times (x 88B)
Class org.gradle.internal.classloader.FilteringClassLoader                            : loaded 2 times (x 103B)
Class com.google.common.collect.AbstractMapBasedMultimap$WrappedCollection            : loaded 2 times (x 122B)
Class com.google.common.reflect.TypeResolver$TypeTable                                : loaded 2 times (x 71B)
Class jdk.internal.jimage.ImageReader$Resource                                        : loaded 2 times (x 82B)
Class com.google.common.reflect.Invokable$MethodInvokable                             : loaded 2 times (x 103B)
Class com.google.common.collect.RegularImmutableSet                                   : loaded 2 times (x 146B)
Class jdk.internal.jrtfs.SystemImage                                                  : loaded 2 times (x 72B)
Class [Lcom.google.common.cache.LocalCache$Strength;                                  : loaded 2 times (x 67B)
Class org.gradle.internal.classpath.DefaultClassPath$ImmutableUniqueList$Builder      : loaded 2 times (x 73B)
Class com.google.common.collect.AbstractRangeSet                                      : loaded 2 times (x 112B)
Class com.google.common.collect.Maps$8                                                : loaded 2 times (x 80B)
Class com.google.common.collect.Sets$3$1                                              : loaded 2 times (x 80B)
Class [Lcom.google.common.cache.CacheBuilder$NullListener;                            : loaded 2 times (x 67B)
Class com.google.common.base.PatternCompiler                                          : loaded 2 times (x 68B)
Class com.google.common.io.CharStreams$NullWriter                                     : loaded 2 times (x 97B)
Class com.google.common.base.CharMatcher$InRange                                      : loaded 2 times (x 109B)
Class com.google.common.collect.Maps$KeySet                                           : loaded 2 times (x 135B)
Class com.google.common.collect.ImmutableMultimap$EntryCollection                     : loaded 2 times (x 125B)
Class com.google.common.collect.Sets$SetView                                          : loaded 2 times (x 136B)
Class com.google.common.collect.BiMap                                                 : loaded 2 times (x 68B)
Class com.google.common.collect.Lists                                                 : loaded 2 times (x 69B)
Class jdk.internal.jrtfs.JrtDirectoryStream$1                                         : loaded 2 times (x 81B)
Class org.objectweb.asm.AnnotationWriter                                              : loaded 2 times (x 77B)
Class org.apache.commons.io.output.ThresholdingOutputStream                           : loaded 2 times (x 92B)
Class com.google.common.math.IntMath$1                                                : loaded 2 times (x 69B)
Class org.gradle.internal.classloader.ClassLoaderVisitor                              : loaded 2 times (x 74B)
Class [Lcom.google.common.collect.HashBiMap$BiEntry;                                  : loaded 2 times (x 67B)
Class org.objectweb.asm.Label                                                         : loaded 2 times (x 71B)
Class com.google.common.cache.CacheBuilder$NullListener                               : loaded 2 times (x 80B)
Class com.google.common.collect.ImmutableMultimap                                     : loaded 2 times (x 145B)
Class org.apache.commons.io.filefilter.IOFileFilter                                   : loaded 2 times (x 68B)
Class com.google.common.math.MathPreconditions                                        : loaded 2 times (x 69B)
Class com.google.common.io.ByteStreams$1                                              : loaded 2 times (x 83B)
Class org.gradle.internal.service.DefaultServiceLocator                               : loaded 2 times (x 81B)
Class org.gradle.internal.service.UnknownServiceException                             : loaded 2 times (x 81B)
Class com.google.common.util.concurrent.AbstractFuture$SynchronizedHelper             : loaded 2 times (x 76B)
Class com.google.common.collect.ArrayListMultimap                                     : loaded 2 times (x 170B)
Class com.google.common.collect.Collections2$FilteredCollection                       : loaded 2 times (x 117B)
Class com.google.common.base.Strings                                                  : loaded 2 times (x 69B)
Class com.google.common.io.Closer                                                     : loaded 2 times (x 76B)
Class com.google.common.cache.LocalCache$Values                                       : loaded 2 times (x 116B)
Class com.google.common.cache.CacheLoader$InvalidCacheLoadException                   : loaded 2 times (x 80B)
Class org.gradle.internal.classloader.DefaultClassLoaderFactory                       : loaded 2 times (x 80B)
Class jdk.internal.jimage.ImageReader$SharedImageReader                               : loaded 2 times (x 93B)
Class com.google.common.collect.UnmodifiableIterator                                  : loaded 2 times (x 78B)
Class com.google.common.base.Stopwatch                                                : loaded 2 times (x 70B)
Class com.google.common.reflect.Types                                                 : loaded 2 times (x 69B)
Class com.google.common.base.Platform$JdkPatternCompiler                              : loaded 2 times (x 73B)
Class net.rubygrapefruit.platform.ProcessLauncher                                     : loaded 2 times (x 68B)
Class com.google.common.collect.Interners$InternerImpl                                : loaded 2 times (x 73B)
Class com.google.common.collect.Table                                                 : loaded 2 times (x 68B)
Class com.google.common.cache.LocalCache$LoadingValueReference                        : loaded 2 times (x 94B)
Class org.apache.commons.io.output.ByteArrayOutputStream                              : loaded 2 times (x 100B)
Class com.google.common.base.CharMatcher$SingleWidth                                  : loaded 2 times (x 110B)
Class com.google.common.collect.Hashing                                               : loaded 2 times (x 69B)
Class com.google.common.io.ByteStreams$LimitedInputStream                             : loaded 2 times (x 90B)
Class com.google.common.collect.MapMakerInternalMap$AbstractStrongKeyEntry            : loaded 2 times (x 78B)
Class com.google.common.collect.ImmutableRangeSet$ComplementRanges                    : loaded 2 times (x 167B)
Class [Lcom.google.common.reflect.Types$ClassOwnership;                               : loaded 2 times (x 67B)
Class com.google.common.base.JdkPattern                                               : loaded 2 times (x 73B)
Class com.google.common.base.Optional                                                 : loaded 2 times (x 78B)
Class com.google.common.collect.Multimap                                              : loaded 2 times (x 68B)
Class [Lcom.google.common.cache.RemovalCause;                                         : loaded 2 times (x 67B)
Class com.google.common.base.FunctionalEquivalence                                    : loaded 2 times (x 81B)
Class org.objectweb.asm.AnnotationVisitor                                             : loaded 2 times (x 76B)
Class org.objectweb.asm.RecordComponentWriter                                         : loaded 2 times (x 76B)
Class com.google.common.cache.LocalCache$1                                            : loaded 2 times (x 87B)
Class com.google.common.cache.LocalCache$2                                            : loaded 2 times (x 140B)
Class com.google.common.collect.RegularImmutableBiMap                                 : loaded 2 times (x 146B)
Class org.gradle.internal.classloader.VisitableURLClassLoader$Spec                    : loaded 2 times (x 72B)
Class org.gradle.api.GradleException                                                  : loaded 2 times (x 80B)
Class com.google.common.base.CharMatcher$JavaLetterOrDigit                            : loaded 2 times (x 109B)
Class org.gradle.api.internal.classpath.ModuleRegistry                                : loaded 2 times (x 68B)
Class com.google.common.collect.ForwardingObject                                      : loaded 2 times (x 70B)
Class com.google.common.reflect.TypeToken$1                                           : loaded 2 times (x 106B)
Class com.google.common.cache.CacheBuilder                                            : loaded 2 times (x 70B)
Class com.google.common.reflect.TypeToken$2                                           : loaded 2 times (x 106B)
Class org.objectweb.asm.ByteVector                                                    : loaded 2 times (x 77B)
Class com.google.common.collect.ImmutableCollection                                   : loaded 2 times (x 123B)
Class com.google.common.collect.ImmutableRangeSet                                     : loaded 2 times (x 113B)
Class com.google.common.base.PairwiseEquivalence                                      : loaded 2 times (x 81B)
Class com.google.common.base.Ticker                                                   : loaded 2 times (x 70B)
Class org.gradle.api.internal.ClassPathProvider                                       : loaded 2 times (x 68B)
Class com.google.common.base.Ascii                                                    : loaded 2 times (x 69B)
Class com.google.common.collect.RegularImmutableMap$Values                            : loaded 2 times (x 167B)
Class org.objectweb.asm.ModuleWriter                                                  : loaded 2 times (x 80B)
Class org.gradle.internal.classloader.ClasspathUtil$1                                 : loaded 2 times (x 74B)
Class com.google.common.io.ByteSource$AsCharSource                                    : loaded 2 times (x 84B)
Class [Lcom.google.common.collect.MapMakerInternalMap$Segment;                        : loaded 2 times (x 67B)
Class com.google.common.collect.ImmutableList$ReverseImmutableList                    : loaded 2 times (x 168B)
Class net.rubygrapefruit.platform.internal.Platform$Posix                             : loaded 2 times (x 79B)
Class com.google.common.cache.AbstractCache$StatsCounter                              : loaded 2 times (x 68B)
Class com.google.common.collect.Maps$EntryFunction$1                                  : loaded 2 times (x 89B)
Class com.google.common.collect.Maps$EntryFunction$2                                  : loaded 2 times (x 89B)
Class org.objectweb.asm.FieldVisitor                                                  : loaded 2 times (x 75B)
Class org.objectweb.asm.Symbol                                                        : loaded 2 times (x 71B)
Class com.google.common.reflect.TypeToken                                             : loaded 2 times (x 71B)
Class com.google.common.cache.LocalCache$Strength$1                                   : loaded 2 times (x 79B)
Class com.google.common.collect.EmptyImmutableListMultimap                            : loaded 2 times (x 174B)
Class com.google.common.cache.LocalCache$Strength$2                                   : loaded 2 times (x 79B)
Class com.google.common.cache.LocalCache$Strength$3                                   : loaded 2 times (x 79B)
Class org.gradle.internal.classloader.ClassLoaderFactory                              : loaded 2 times (x 68B)
Class com.google.common.collect.ObjectArrays                                          : loaded 2 times (x 69B)
Class com.google.common.base.Absent                                                   : loaded 2 times (x 78B)
Class com.google.common.util.concurrent.AbstractFuture$Waiter                         : loaded 2 times (x 70B)
Class com.google.common.util.concurrent.Uninterruptibles                              : loaded 2 times (x 69B)
Class com.google.common.collect.Iterators$10                                          : loaded 2 times (x 79B)
Class jdk.internal.jimage.ImageHeader                                                 : loaded 2 times (x 69B)
Class com.google.common.collect.Iterators$EmptyModifiableIterator                     : loaded 2 times (x 84B)
Class com.google.common.collect.ImmutableList                                         : loaded 2 times (x 166B)
Class org.gradle.api.internal.classpath.ManifestUtil                                  : loaded 2 times (x 69B)
Class org.gradle.api.specs.Spec                                                       : loaded 2 times (x 68B)
Class com.google.common.collect.RangeSet                                              : loaded 2 times (x 68B)
Class com.google.common.cache.CacheLoader$UnsupportedLoadingOperationException        : loaded 2 times (x 80B)
Class com.google.common.base.CharMatcher$Whitespace                                   : loaded 2 times (x 110B)
Class com.google.common.util.concurrent.ListenableFuture                              : loaded 2 times (x 68B)
Class com.google.common.collect.MapMaker$Dummy                                        : loaded 2 times (x 77B)
Class com.google.common.collect.Iterators$1                                           : loaded 2 times (x 79B)
Class com.google.common.collect.BaseImmutableMultimap                                 : loaded 2 times (x 121B)
Class com.google.common.collect.Iterators$4                                           : loaded 2 times (x 80B)
Class com.google.common.collect.RegularImmutableMap$BucketOverflowException           : loaded 2 times (x 80B)
Class com.google.common.collect.Iterators$5                                           : loaded 2 times (x 80B)
Class com.google.common.collect.Iterators$6                                           : loaded 2 times (x 79B)
Class com.google.common.util.concurrent.AbstractFuture$UnsafeAtomicHelper             : loaded 2 times (x 76B)
Class com.google.common.base.Joiner                                                   : loaded 2 times (x 77B)
Class com.google.common.base.Equivalence$Equals                                       : loaded 2 times (x 80B)
Class com.google.common.base.Preconditions                                            : loaded 2 times (x 69B)
Class com.google.common.base.Function                                                 : loaded 2 times (x 68B)
Class com.google.common.collect.Iterators$9                                           : loaded 2 times (x 79B)
Class [Lnet.rubygrapefruit.platform.internal.FunctionResult$Failure;                  : loaded 2 times (x 67B)
Class net.rubygrapefruit.platform.internal.Platform$Windows                           : loaded 2 times (x 77B)
Class org.gradle.internal.IoActions                                                   : loaded 2 times (x 69B)
Class com.google.common.collect.MapMakerInternalMap$StrongKeyDummyValueEntry$Helper   : loaded 2 times (x 77B)
Class com.google.common.cache.ReferenceEntry                                          : loaded 2 times (x 68B)
Class com.google.common.collect.RegularImmutableMap$KeySet                            : loaded 2 times (x 148B)
Class com.google.common.collect.CollectPreconditions                                  : loaded 2 times (x 69B)
Class [Lcom.google.common.base.Function;                                              : loaded 2 times (x 67B)
Class com.google.common.primitives.IntsMethodsForWeb                                  : loaded 2 times (x 69B)
Class com.google.common.collect.RangeGwtSerializationDependencies                     : loaded 2 times (x 69B)
Class com.google.common.collect.Maps                                                  : loaded 2 times (x 69B)
Class com.google.common.collect.RegularImmutableMap                                   : loaded 2 times (x 119B)
Class com.google.common.collect.AbstractIndexedListIterator                           : loaded 2 times (x 94B)
Class com.google.common.collect.ImmutableMultimap$Builder                             : loaded 2 times (x 81B)
Class net.rubygrapefruit.platform.internal.NativeLibraryLocator                       : loaded 2 times (x 71B)
Class com.google.common.base.CharMatcher$None                                         : loaded 2 times (x 110B)
Class [Lorg.apache.commons.io.StandardLineSeparator;                                  : loaded 2 times (x 67B)
Class org.gradle.api.internal.classpath.EffectiveClassPath                            : loaded 2 times (x 88B)
Class org.apache.commons.io.StandardLineSeparator                                     : loaded 2 times (x 77B)
Class org.apache.commons.io.output.AppendableWriter                                   : loaded 2 times (x 98B)
Class com.google.common.collect.UnmodifiableListIterator                              : loaded 2 times (x 93B)
Class com.google.common.io.Files                                                      : loaded 2 times (x 69B)
Class com.google.common.cache.CacheLoader$FunctionToCacheLoader                       : loaded 2 times (x 73B)
Class com.google.common.cache.CacheBuilder$1                                          : loaded 2 times (x 83B)
Class com.google.common.cache.CacheBuilder$2                                          : loaded 2 times (x 70B)
Class com.google.common.collect.ImmutableList$1                                       : loaded 2 times (x 95B)
Class com.google.common.base.Splitter$Strategy                                        : loaded 2 times (x 68B)
Class com.google.common.io.CharStreams                                                : loaded 2 times (x 69B)
Class com.google.common.collect.ImmutableMapEntrySet$RegularEntrySet                  : loaded 2 times (x 149B)
Class com.google.common.base.Predicates$CompositionPredicate                          : loaded 2 times (x 86B)
Class [Lcom.google.common.cache.RemovalListener;                                      : loaded 2 times (x 67B)
Class [Lcom.google.common.collect.ImmutableMapEntry;                                  : loaded 2 times (x 67B)
Class net.rubygrapefruit.platform.internal.Platform$Unsupported                       : loaded 2 times (x 77B)
Class com.google.common.collect.Interners                                             : loaded 2 times (x 69B)
Class com.google.common.collect.MapMakerInternalMap$Strength$1                        : loaded 2 times (x 78B)
Class org.gradle.internal.installation.CurrentGradleInstallation                      : loaded 2 times (x 71B)
Class com.google.common.collect.MapMakerInternalMap$Strength$2                        : loaded 2 times (x 78B)
Class org.gradle.internal.agents.InstrumentingClassLoader                             : loaded 2 times (x 68B)
Class org.gradle.internal.installation.CurrentGradleInstallationLocator               : loaded 2 times (x 69B)
Class [Lcom.google.common.cache.LocalCache$Segment;                                   : loaded 2 times (x 67B)
Class org.gradle.api.internal.classpath.Module                                        : loaded 2 times (x 68B)
Class com.google.common.io.ByteSource$ByteArrayByteSource                             : loaded 2 times (x 83B)
Class com.google.common.collect.ImmutableSortedSet                                    : loaded 2 times (x 233B)
Class com.google.common.base.Splitter$1$1                                             : loaded 2 times (x 84B)
Class net.rubygrapefruit.platform.internal.NativeLibraryLoader                        : loaded 2 times (x 71B)
Class com.google.common.collect.MapMakerInternalMap$Segment                           : loaded 2 times (x 140B)
Class com.google.common.collect.ImmutableSet$JdkBackedSetBuilderImpl                  : loaded 2 times (x 74B)
Class com.google.common.reflect.Types$TypeVariableInvocationHandler                   : loaded 2 times (x 73B)
Class com.google.common.reflect.Types$ClassOwnership                                  : loaded 2 times (x 78B)
Class com.google.common.collect.ImmutableSet$RegularSetBuilderImpl                    : loaded 2 times (x 75B)
Class [Lorg.objectweb.asm.AnnotationWriter;                                           : loaded 2 times (x 67B)
Class org.gradle.internal.service.CachingServiceLocator                               : loaded 2 times (x 80B)
Class [Lcom.google.common.collect.ImmutableEntry;                                     : loaded 2 times (x 67B)
Class net.rubygrapefruit.platform.internal.Platform$Linux64Bit                        : loaded 2 times (x 81B)
Class com.google.common.collect.Sets$ImprovedAbstractSet                              : loaded 2 times (x 133B)
Class com.google.common.collect.AbstractMapBasedMultimap$AsMap                        : loaded 2 times (x 126B)
Class org.gradle.internal.classpath.DefaultClassPath                                  : loaded 2 times (x 88B)
Class com.google.common.collect.MapMakerInternalMap$1                                 : loaded 2 times (x 81B)
Class com.google.common.util.concurrent.AbstractFuture$SetFuture                      : loaded 2 times (x 73B)
Class com.google.common.collect.CollectCollectors                                     : loaded 2 times (x 69B)
Class jdk.internal.jimage.BasicImageReader                                            : loaded 2 times (x 93B)
Class com.google.common.collect.TransformedIterator                                   : loaded 2 times (x 78B)
Class com.google.common.base.Splitter$SplittingIterator                               : loaded 2 times (x 82B)
Class com.google.common.collect.ImmutableMultisetGwtSerializationDependencies         : loaded 2 times (x 123B)
Class com.google.common.reflect.TypeParameter                                         : loaded 2 times (x 70B)
Class com.google.common.collect.ImmutableListMultimap                                 : loaded 2 times (x 174B)
Class com.google.common.cache.LocalCache$LocalManualCache$1                           : loaded 2 times (x 73B)
Class org.gradle.internal.installation.GradleInstallation                             : loaded 2 times (x 73B)
Class jdk.internal.jimage.ImageLocation                                               : loaded 2 times (x 88B)
Class com.google.common.reflect.Types$ClassOwnership$1LocalClass                      : loaded 2 times (x 69B)
Class com.google.common.collect.Lists$RandomAccessReverseList                         : loaded 2 times (x 160B)
Class [Lcom.google.common.collect.AbstractIterator$State;                             : loaded 2 times (x 67B)
Class org.objectweb.asm.SymbolTable$Entry                                             : loaded 2 times (x 72B)
Class [Lcom.google.common.cache.LocalCache$EntryFactory;                              : loaded 2 times (x 67B)
Class net.rubygrapefruit.platform.internal.jni.NativeLibraryFunctions                 : loaded 2 times (x 69B)
Class jdk.internal.jimage.ImageReader$Node                                            : loaded 2 times (x 82B)
Class com.google.common.base.CharMatcher$Is                                           : loaded 2 times (x 109B)
Class com.google.common.collect.Maps$AbstractFilteredMap                              : loaded 2 times (x 125B)
Class com.google.common.base.Platform                                                 : loaded 2 times (x 69B)
Class com.google.common.collect.RegularImmutableAsList                                : loaded 2 times (x 176B)
Class com.google.common.base.Suppliers$NonSerializableMemoizingSupplier               : loaded 2 times (x 77B)
Class com.google.common.collect.PeekingIterator                                       : loaded 2 times (x 68B)
Class [Lcom.google.common.base.Supplier;                                              : loaded 2 times (x 67B)
Class com.google.common.collect.ImmutableSetMultimap                                  : loaded 2 times (x 178B)
Class org.apache.commons.io.CloseableURLConnection                                    : loaded 2 times (x 115B)
Class jdk.internal.jrtfs.JrtPath                                                      : loaded 2 times (x 116B)
Class com.google.common.reflect.TypeResolver$TypeTable$1                              : loaded 2 times (x 71B)
Class com.google.common.collect.ImmutableMapEntrySet                                  : loaded 2 times (x 149B)
Class com.google.common.cache.CacheLoader                                             : loaded 2 times (x 72B)
Class jdk.internal.jimage.ImageStrings                                                : loaded 2 times (x 68B)
Class com.google.common.collect.ImmutableBiMapFauxverideShim                          : loaded 2 times (x 118B)
Class org.objectweb.asm.MethodTooLargeException                                       : loaded 2 times (x 81B)
Class com.google.common.collect.HashBiMap$Inverse                                     : loaded 2 times (x 140B)
Class jdk.internal.jrtfs.JrtFileAttributes                                            : loaded 2 times (x 81B)
Class org.apache.commons.io.output.NullWriter                                         : loaded 2 times (x 97B)
Class com.google.common.cache.Cache                                                   : loaded 2 times (x 68B)
Class com.google.common.collect.Maps$EntrySet                                         : loaded 2 times (x 134B)
Class org.gradle.internal.classloader.SystemClassLoaderSpec                           : loaded 2 times (x 69B)
Class com.google.common.io.LineBuffer                                                 : loaded 2 times (x 73B)
Class com.google.common.util.concurrent.internal.InternalFutureFailureAccess          : loaded 2 times (x 70B)
Class net.rubygrapefruit.platform.internal.Platform$FreeBSD64Bit                      : loaded 2 times (x 80B)
Class com.google.common.base.Charsets                                                 : loaded 2 times (x 69B)
Class com.google.common.primitives.Ints$IntConverter                                  : loaded 2 times (x 88B)
Class com.google.common.collect.SingletonImmutableSet                                 : loaded 2 times (x 144B)
Class com.google.common.collect.Interners$InternerBuilder                             : loaded 2 times (x 74B)
Class com.google.common.reflect.Types$TypeVariableImpl                                : loaded 2 times (x 70B)
Class [Lcom.google.common.base.AbstractIterator$State;                                : loaded 2 times (x 67B)
Class com.google.common.collect.ImmutableMap$Builder                                  : loaded 2 times (x 80B)
Class com.google.common.io.LineReader$1                                               : loaded 2 times (x 73B)
Class net.rubygrapefruit.platform.internal.Platform$MacOs                             : loaded 2 times (x 80B)
Class com.google.common.base.AbstractIterator                                         : loaded 2 times (x 78B)
Class org.objectweb.asm.ClassWriter                                                   : loaded 2 times (x 104B)
Class com.google.common.collect.Range                                                 : loaded 2 times (x 85B)
Class org.apache.commons.io.IOUtils                                                   : loaded 2 times (x 69B)
Class com.google.common.base.AbstractIterator$1                                       : loaded 2 times (x 69B)
Class [Lcom.google.common.cache.CacheBuilder$OneWeigher;                              : loaded 2 times (x 67B)
Class net.rubygrapefruit.platform.NativeIntegrationLinkageException                   : loaded 2 times (x 80B)
Class com.google.common.collect.Iterators                                             : loaded 2 times (x 69B)
Class com.google.common.base.CharMatcher$1                                            : loaded 2 times (x 111B)
Class com.google.common.base.CharMatcher$Ascii                                        : loaded 2 times (x 110B)
Class com.google.common.cache.LocalCache$ComputingValueReference                      : loaded 2 times (x 94B)
Class com.google.common.collect.ImmutableList$SerializedForm                          : loaded 2 times (x 71B)
Class org.gradle.api.UncheckedIOException                                             : loaded 2 times (x 80B)
Class com.google.common.base.CharMatcher$And                                          : loaded 2 times (x 110B)
Class [Lcom.google.common.io.FileWriteMode;                                           : loaded 2 times (x 67B)
Class com.google.common.io.Files$FileByteSink                                         : loaded 2 times (x 75B)
Class com.google.common.collect.IndexedImmutableSet                                   : loaded 2 times (x 148B)
Class com.google.common.base.ExtraObjectsMethodsForWeb                                : loaded 2 times (x 69B)
Class com.google.common.collect.IndexedImmutableSet$1                                 : loaded 2 times (x 172B)
Class com.google.common.collect.AbstractListMultimap                                  : loaded 2 times (x 170B)
Class com.google.common.base.CharMatcher$Any                                          : loaded 2 times (x 110B)
Class com.google.common.collect.ImmutableEnumMap                                      : loaded 2 times (x 123B)
Class org.apache.commons.io.output.UnsynchronizedByteArrayOutputStream                : loaded 2 times (x 100B)
Class jdk.internal.jimage.decompressor.Decompressor                                   : loaded 2 times (x 70B)
Class com.google.common.cache.LocalCache$Strength                                     : loaded 2 times (x 79B)
Class com.google.common.collect.AbstractMapBasedMultimap$KeySet                       : loaded 2 times (x 135B)
Class jdk.internal.jrtfs.JrtFileSystem                                                : loaded 2 times (x 100B)
Class com.google.common.collect.SortedIterable                                        : loaded 2 times (x 68B)
Class com.google.common.collect.ArrayListMultimapGwtSerializationDependencies         : loaded 2 times (x 170B)
Class com.google.common.base.CharMatcher$RangesMatcher                                : loaded 2 times (x 110B)
Class com.google.common.collect.AbstractMapBasedMultimap$RandomAccessWrappedList      : loaded 2 times (x 165B)
Class org.objectweb.asm.Handler                                                       : loaded 2 times (x 70B)
Class net.rubygrapefruit.platform.internal.Platform$Linux32Bit                        : loaded 2 times (x 81B)
Class com.google.common.collect.ImmutableList$SubList                                 : loaded 2 times (x 168B)
Class net.rubygrapefruit.platform.internal.Platform$MacOs64Bit                        : loaded 2 times (x 80B)
Class jdk.internal.jrtfs.JrtFileSystemProvider                                        : loaded 2 times (x 97B)
Class com.google.common.cache.LocalCache$ValueReference                               : loaded 2 times (x 68B)
Class com.google.common.collect.CollectSpliterators                                   : loaded 2 times (x 69B)
Class com.google.common.io.Java8Compatibility                                         : loaded 2 times (x 69B)
Class org.gradle.internal.classloader.ClasspathUtil                                   : loaded 2 times (x 69B)
Class org.apache.commons.io.FileUtils                                                 : loaded 2 times (x 69B)
Class jdk.internal.jrtfs.JrtDirectoryStream                                           : loaded 2 times (x 87B)
Class org.objectweb.asm.CurrentFrame                                                  : loaded 2 times (x 71B)
Class com.google.common.util.concurrent.AbstractFuture                                : loaded 2 times (x 93B)
Class com.google.common.reflect.TypeResolver                                          : loaded 2 times (x 70B)
Class com.google.common.base.Splitter$1                                               : loaded 2 times (x 75B)
Class com.google.common.collect.TransformedListIterator                               : loaded 2 times (x 91B)
Class com.google.common.cache.LocalCache$ValueIterator                                : loaded 2 times (x 84B)
Class com.google.common.base.Ticker$1                                                 : loaded 2 times (x 70B)
Class com.google.common.collect.Maps$BiMapConverter                                   : loaded 2 times (x 88B)
Class org.gradle.api.internal.DefaultClassPathRegistry                                : loaded 2 times (x 74B)
Class com.google.common.collect.AbstractIterator$State                                : loaded 2 times (x 77B)
Class com.google.common.util.concurrent.AbstractFuture$Cancellation                   : loaded 2 times (x 70B)
Class [Lorg.objectweb.asm.Symbol;                                                     : loaded 2 times (x 67B)
Class com.google.common.collect.Interner                                              : loaded 2 times (x 68B)
Class com.google.common.base.Predicates                                               : loaded 2 times (x 69B)
Class com.google.common.collect.ImmutableSet$SetBuilderImpl                           : loaded 2 times (x 74B)
Class org.gradle.api.internal.classpath.DefaultModuleRegistry$DefaultModule           : loaded 2 times (x 84B)
Class net.rubygrapefruit.platform.internal.Platform                                   : loaded 2 times (x 77B)
Class com.google.common.io.LineReader                                                 : loaded 2 times (x 70B)
Class com.google.common.base.CharMatcher$JavaIsoControl                               : loaded 2 times (x 110B)
Class com.google.common.collect.ImmutableMap$1                                        : loaded 2 times (x 79B)
Class com.google.common.base.CharMatcher$Or                                           : loaded 2 times (x 110B)
Class com.google.common.cache.RemovalCause$1                                          : loaded 2 times (x 78B)
Class com.google.common.cache.RemovalCause$2                                          : loaded 2 times (x 78B)
Class com.google.common.cache.RemovalCause$3                                          : loaded 2 times (x 78B)
Class org.gradle.kotlin.dsl.VersionCatalogAccessorsKt                                 : loaded 2 times (x 69B)
Class com.google.common.cache.RemovalCause$4                                          : loaded 2 times (x 78B)
Class com.google.common.cache.RemovalCause$5                                          : loaded 2 times (x 78B)
Class com.google.common.base.Suppliers$SupplierOfInstance                             : loaded 2 times (x 77B)
Class org.objectweb.asm.RecordComponentVisitor                                        : loaded 2 times (x 75B)
Class com.google.common.reflect.Types$ClassOwnership$1                                : loaded 2 times (x 78B)
Class com.google.common.reflect.Invokable                                             : loaded 2 times (x 99B)
Class com.google.common.reflect.Types$ClassOwnership$2                                : loaded 2 times (x 78B)
Class com.google.common.reflect.Types$ClassOwnership$3                                : loaded 2 times (x 69B)
Class com.google.common.cache.LocalCache$HashIterator                                 : loaded 2 times (x 84B)
Class com.google.common.collect.Iterables                                             : loaded 2 times (x 69B)
Class com.google.common.base.CharMatcher$JavaLowerCase                                : loaded 2 times (x 109B)
Class com.google.common.cache.LocalCache$WriteThroughEntry                            : loaded 2 times (x 77B)
Class org.objectweb.asm.ClassTooLargeException                                        : loaded 2 times (x 81B)
Class org.gradle.api.internal.classpath.UnknownModuleException                        : loaded 2 times (x 80B)
Class com.google.common.collect.FluentIterable                                        : loaded 2 times (x 79B)
Class com.google.common.util.concurrent.AbstractFuture$Listener                       : loaded 2 times (x 70B)
Class com.google.common.collect.CollectSpliterators$1                                 : loaded 2 times (x 88B)
Class org.apache.commons.io.output.AbstractByteArrayOutputStream                      : loaded 2 times (x 100B)
Class com.google.common.collect.MapMakerInternalMap$StrongKeyDummyValueEntry$LinkedStrongKeyDummyValueEntry: loaded 2 times (x 80B)
Class com.google.common.collect.Iterables$4                                           : loaded 2 times (x 79B)
Class com.google.common.collect.Iterables$5                                           : loaded 2 times (x 79B)
Class org.objectweb.asm.Edge                                                          : loaded 2 times (x 70B)
Class com.google.common.collect.Maps$EntryTransformer                                 : loaded 2 times (x 68B)
Class com.google.common.collect.ImmutableCollection$Builder                           : loaded 2 times (x 74B)
Class com.google.common.io.ByteArrayDataInput                                         : loaded 2 times (x 68B)
Class org.apache.commons.io.FilenameUtils                                             : loaded 2 times (x 69B)
Class net.rubygrapefruit.platform.internal.Platform$Window64Bit                       : loaded 2 times (x 77B)
Class [Lorg.objectweb.asm.SymbolTable$Entry;                                          : loaded 2 times (x 67B)
Class com.google.common.reflect.Types$JavaVersion                                     : loaded 2 times (x 81B)
Class com.google.common.collect.SingletonImmutableBiMap                               : loaded 2 times (x 141B)
Class org.apache.commons.io.file.PathFilter                                           : loaded 2 times (x 68B)
Class com.google.common.base.CommonPattern                                            : loaded 2 times (x 72B)
Class com.google.common.collect.CollectSpliterators$1WithCharacteristics              : loaded 2 times (x 88B)
Class com.google.common.base.Suppliers$MemoizingSupplier                              : loaded 2 times (x 77B)
Class com.google.common.base.Suppliers                                                : loaded 2 times (x 69B)
Class net.rubygrapefruit.platform.internal.Platform$FreeBSD32Bit                      : loaded 2 times (x 80B)
Class [Lcom.google.common.collect.Iterators$EmptyModifiableIterator;                  : loaded 2 times (x 67B)
Class org.objectweb.asm.ClassVisitor                                                  : loaded 2 times (x 86B)
Class com.google.common.collect.MapMakerInternalMap$StrongKeyDummyValueEntry          : loaded 2 times (x 80B)
Class com.google.common.cache.LoadingCache                                            : loaded 2 times (x 68B)
Class org.gradle.internal.service.ServiceLookupException                              : loaded 2 times (x 80B)
Class com.google.common.collect.MapMakerInternalMap$StrongKeyDummyValueSegment        : loaded 2 times (x 140B)
Class jdk.internal.jimage.ImageStringsReader                                          : loaded 2 times (x 78B)
Class com.google.common.base.Present                                                  : loaded 2 times (x 79B)
Class com.google.common.base.CharMatcher$NegatedFastMatcher                           : loaded 2 times (x 111B)
Class [Lorg.gradle.api.internal.ClassPathProvider;                                    : loaded 2 times (x 67B)
Class jdk.internal.jimage.ImageReader$SharedImageReader$LocationVisitor               : loaded 2 times (x 68B)
Class com.google.common.util.concurrent.AbstractFuture$SafeAtomicHelper               : loaded 2 times (x 77B)
Class com.google.common.collect.ImmutableMultimap$Values                              : loaded 2 times (x 124B)
Class net.rubygrapefruit.platform.internal.Platform$FreeBSD                           : loaded 2 times (x 80B)
Class org.gradle.util.internal.GUtil                                                  : loaded 2 times (x 69B)
Class net.rubygrapefruit.platform.internal.Platform$Unix                              : loaded 2 times (x 80B)
Class com.google.common.math.IntMath                                                  : loaded 2 times (x 69B)
Class [Lcom.google.common.reflect.Types$JavaVersion;                                  : loaded 2 times (x 67B)
Class net.rubygrapefruit.platform.Process                                             : loaded 2 times (x 68B)
Class com.google.common.collect.AbstractIterator                                      : loaded 2 times (x 80B)
Class org.gradle.internal.classloader.ClassLoaderSpec                                 : loaded 2 times (x 69B)
Class com.google.common.io.LineProcessor                                              : loaded 2 times (x 68B)
Class com.google.common.base.NullnessCasts                                            : loaded 2 times (x 69B)
Class com.google.common.io.CharSink                                                   : loaded 2 times (x 77B)
Class org.objectweb.asm.Frame                                                         : loaded 2 times (x 71B)
Class com.google.common.cache.LocalCache$LocalManualCache                             : loaded 2 times (x 97B)
Class com.google.common.collect.AbstractMapEntry                                      : loaded 2 times (x 79B)
Class com.google.common.collect.ImmutableList$Builder                                 : loaded 2 times (x 75B)
Class com.google.common.base.CharMatcher$Negated                                      : loaded 2 times (x 111B)
Class net.rubygrapefruit.platform.NativeIntegrationUnavailableException               : loaded 2 times (x 80B)
Class com.google.common.cache.CacheLoader$1                                           : loaded 2 times (x 73B)
Class net.rubygrapefruit.platform.NativeIntegration                                   : loaded 2 times (x 68B)
Class [Lcom.google.common.collect.MapMakerInternalMap$Strength;                       : loaded 2 times (x 67B)
Class com.google.common.util.concurrent.AbstractFuture$TrustedFuture                  : loaded 2 times (x 95B)
Class com.google.common.cache.RemovalCause                                            : loaded 2 times (x 78B)
Class com.google.common.collect.MapMakerInternalMap$InternalEntry                     : loaded 2 times (x 68B)
Class org.apache.commons.io.FileExistsException                                       : loaded 2 times (x 80B)
Class com.google.common.collect.Maps$ViewCachingAbstractMap                           : loaded 2 times (x 123B)
Class com.google.common.collect.Sets                                                  : loaded 2 times (x 69B)
Class org.apache.commons.io.output.QueueOutputStream                                  : loaded 2 times (x 85B)
Class com.google.common.collect.ImmutableSet$Builder                                  : loaded 2 times (x 83B)
Class com.google.common.collect.Sets$FilteredSet                                      : loaded 2 times (x 135B)
Class com.google.common.collect.MapMakerInternalMap                                   : loaded 2 times (x 159B)
Class com.google.common.base.CharMatcher$ForPredicate                                 : loaded 2 times (x 110B)
Class com.google.common.collect.ImmutableMap$MapViewOfValuesAsSingletonSets           : loaded 2 times (x 123B)
Class net.rubygrapefruit.platform.internal.Platform$MacOs32Bit                        : loaded 2 times (x 80B)
Class com.google.common.collect.ImmutableMapKeySet                                    : loaded 2 times (x 148B)
Class org.apache.commons.io.output.StringBuilderWriter                                : loaded 2 times (x 98B)
Class com.google.common.base.MoreObjects                                              : loaded 2 times (x 69B)
Class com.google.common.collect.SortedMapDifference                                   : loaded 2 times (x 68B)
Class org.objectweb.asm.SymbolTable                                                   : loaded 2 times (x 70B)
Class [Lorg.objectweb.asm.AnnotationVisitor;                                          : loaded 2 times (x 67B)
Class com.google.common.cache.CacheStats                                              : loaded 2 times (x 69B)
Class org.objectweb.asm.Attribute                                                     : loaded 2 times (x 75B)
Class org.gradle.internal.classloader.VisitableURLClassLoader                         : loaded 2 times (x 115B)
Class com.google.common.cache.LocalCache$LocalLoadingCache                            : loaded 2 times (x 132B)
Class com.google.common.base.Supplier                                                 : loaded 2 times (x 68B)
Class com.google.common.collect.HashBiMap$BiEntry                                     : loaded 2 times (x 81B)
Class com.google.common.collect.ImmutableMultimap$Keys                                : loaded 2 times (x 164B)
Class com.google.common.base.Objects                                                  : loaded 2 times (x 69B)
Class com.google.common.util.concurrent.AbstractFuture$AtomicHelper                   : loaded 2 times (x 76B)
Class com.google.common.collect.ImmutableBiMap                                        : loaded 2 times (x 141B)
Class org.gradle.internal.Cast                                                        : loaded 2 times (x 69B)
Class com.google.common.hash.PrimitiveSink                                            : loaded 2 times (x 68B)
Class com.google.common.collect.NullnessCasts                                         : loaded 2 times (x 69B)
Class com.google.common.reflect.TypeCapture                                           : loaded 2 times (x 69B)
Class org.gradle.api.internal.ClassPathRegistry                                       : loaded 2 times (x 68B)
Class com.google.common.cache.LocalCache$EntryFactory                                 : loaded 2 times (x 81B)
Class com.google.common.util.concurrent.UncheckedExecutionException                   : loaded 2 times (x 80B)
Class com.google.common.collect.ImmutableSet                                          : loaded 2 times (x 143B)
Class org.gradle.internal.classloader.VisitableURLClassLoader$InstrumentingVisitableURLClassLoader: loaded 2 times (x 121B)
Class org.gradle.internal.classloader.ClassLoaderHierarchy                            : loaded 2 times (x 68B)
Class org.apache.commons.io.file.DeleteOption                                         : loaded 2 times (x 68B)
Class com.google.common.collect.Lists$ReverseList                                     : loaded 2 times (x 160B)
Class jdk.internal.jimage.ImageReader                                                 : loaded 2 times (x 73B)
Class com.google.common.io.Closer$Suppressor                                          : loaded 2 times (x 68B)
Class net.rubygrapefruit.platform.internal.LibraryDef                                 : loaded 2 times (x 70B)
Class com.google.common.collect.AbstractMapBasedMultimap$WrappedList                  : loaded 2 times (x 165B)
Class [Lorg.objectweb.asm.Type;                                                       : loaded 2 times (x 67B)
Class com.google.common.collect.MapMakerInternalMap$WeakValueReference                : loaded 2 times (x 68B)
Class com.google.common.collect.Lists$ReverseList$1                                   : loaded 2 times (x 97B)
Class com.google.common.base.AbstractIterator$State                                   : loaded 2 times (x 77B)
Class com.google.common.cache.Weigher                                                 : loaded 2 times (x 68B)
Class com.google.common.collect.MapMakerInternalMap$StrongValueEntry                  : loaded 2 times (x 68B)
Class com.google.common.base.CharMatcher$NamedFastMatcher                             : loaded 2 times (x 110B)
Class org.gradle.internal.InternalTransformer                                         : loaded 2 times (x 68B)
Class com.google.common.collect.AbstractMapBasedMultimap$AsMap$AsMapEntries           : loaded 2 times (x 136B)
Class org.apache.commons.io.output.NullOutputStream                                   : loaded 2 times (x 83B)
Class org.gradle.internal.service.ServiceLocator                                      : loaded 2 times (x 68B)
Class Settings_gradle$1                                                               : loaded 2 times (x 72B)
Class net.rubygrapefruit.platform.internal.Platform$Linux                             : loaded 2 times (x 81B)
Class com.google.common.collect.ImmutableRangeSet$1                                   : loaded 2 times (x 169B)
Class com.google.common.util.concurrent.SettableFuture                                : loaded 2 times (x 95B)
Class net.rubygrapefruit.platform.NativeException                                     : loaded 2 times (x 80B)
Class net.rubygrapefruit.platform.Native                                              : loaded 2 times (x 69B)
Class com.google.common.io.Files$2                                                    : loaded 2 times (x 74B)
Class com.google.common.collect.ImmutableMapEntry                                     : loaded 2 times (x 83B)
Class com.google.common.reflect.Types$ParameterizedTypeImpl                           : loaded 2 times (x 79B)
Class com.google.common.collect.Maps$EntryFunction                                    : loaded 2 times (x 89B)
Class net.rubygrapefruit.platform.internal.Platform$Window32Bit                       : loaded 2 times (x 77B)
Class com.google.common.io.ByteStreams                                                : loaded 2 times (x 69B)
Class com.google.common.base.CharMatcher$Invisible                                    : loaded 2 times (x 110B)
Class com.google.common.base.Joiner$1                                                 : loaded 2 times (x 78B)
Class com.google.common.collect.MapMaker                                              : loaded 2 times (x 70B)
Class com.google.common.base.Joiner$2                                                 : loaded 2 times (x 77B)
Class com.google.common.collect.HashBiMap                                             : loaded 2 times (x 141B)
Class com.google.common.collect.ImmutableMultiset                                     : loaded 2 times (x 161B)
Class com.google.common.reflect.Types$JavaVersion$1                                   : loaded 2 times (x 81B)
Class com.google.common.base.CharMatcher$FastMatcher                                  : loaded 2 times (x 109B)
Class com.google.common.reflect.Types$JavaVersion$2                                   : loaded 2 times (x 81B)
Class com.google.common.reflect.Types$JavaVersion$3                                   : loaded 2 times (x 81B)
Class org.gradle.internal.classpath.DefaultClassPath$ImmutableUniqueList              : loaded 2 times (x 159B)
Class com.google.common.reflect.Types$JavaVersion$4                                   : loaded 2 times (x 81B)
Class jdk.internal.jimage.ImageBufferCache                                            : loaded 2 times (x 69B)
Class com.google.common.reflect.Types$JavaVersion$5                                   : loaded 2 times (x 69B)
Class com.google.common.base.CharMatcher$JavaLetter                                   : loaded 2 times (x 109B)
Class com.google.common.collect.ImmutableMultimap$1                                   : loaded 2 times (x 80B)
Class com.google.common.collect.ImmutableMultimap$2                                   : loaded 2 times (x 79B)
Class org.gradle.internal.classpath.TransformedClassPath                              : loaded 2 times (x 94B)
Class com.google.common.collect.MapDifference                                         : loaded 2 times (x 68B)
Class com.google.common.reflect.TypeToken$SimpleTypeToken                             : loaded 2 times (x 71B)
Class com.google.common.io.ByteSource$EmptyByteSource                                 : loaded 2 times (x 83B)
Class com.google.common.collect.Sets$1                                                : loaded 2 times (x 137B)
Class com.google.common.collect.Sets$2                                                : loaded 2 times (x 137B)
Class com.google.common.util.concurrent.AbstractFuture$Trusted                        : loaded 2 times (x 68B)
Class com.google.common.collect.Sets$3                                                : loaded 2 times (x 137B)
Class com.google.common.graph.SuccessorsFunction                                      : loaded 2 times (x 68B)
Class com.google.common.collect.Sets$4                                                : loaded 2 times (x 137B)
Class com.google.common.reflect.Types$NativeTypeVariableEquals                        : loaded 2 times (x 69B)
Class Settings_gradle                                                                 : loaded 2 times (x 126B)
Class com.google.common.io.ByteSink                                                   : loaded 2 times (x 74B)
Class com.google.common.collect.AbstractMapBasedMultimap$WrappedCollection$WrappedIterator: loaded 2 times (x 82B)
Class org.objectweb.asm.MethodWriter                                                  : loaded 2 times (x 104B)
Class com.google.common.collect.Platform                                              : loaded 2 times (x 69B)
Class com.google.common.collect.ImmutableAsList                                       : loaded 2 times (x 169B)
Class com.google.common.util.concurrent.ExecutionError                                : loaded 2 times (x 80B)
Class com.google.common.io.ByteSink$AsCharSink                                        : loaded 2 times (x 78B)
Class com.google.common.base.Equivalence$Identity                                     : loaded 2 times (x 80B)
Class com.google.common.base.CharMatcher$AnyOf                                        : loaded 2 times (x 110B)
Class com.google.common.base.CharMatcher$IsEither                                     : loaded 2 times (x 109B)
Class com.google.common.collect.AbstractIterator$1                                    : loaded 2 times (x 69B)
Class jdk.internal.jimage.ImageReader$Directory                                       : loaded 2 times (x 82B)
Class com.google.common.io.CharSource                                                 : loaded 2 times (x 83B)
Class com.google.common.cache.LocalCache                                              : loaded 2 times (x 185B)
Class com.google.common.collect.ImmutableRangeSet$Builder                             : loaded 2 times (x 75B)
Class com.google.common.collect.RegularImmutableList                                  : loaded 2 times (x 172B)
Class com.google.common.util.concurrent.AbstractFuture$UnsafeAtomicHelper$1           : loaded 2 times (x 74B)
Class [Lorg.apache.commons.io.file.DeleteOption;                                      : loaded 2 times (x 67B)
Class org.apache.commons.io.file.PathUtils                                            : loaded 2 times (x 69B)
Class com.google.common.base.CharMatcher$JavaUpperCase                                : loaded 2 times (x 109B)
Class com.google.common.collect.Multiset                                              : loaded 2 times (x 68B)
Class com.google.common.collect.ImmutableSet$CachingAsList                            : loaded 2 times (x 145B)
Class com.google.common.reflect.Invokable$ConstructorInvokable                        : loaded 2 times (x 103B)
Class org.objectweb.asm.MethodVisitor                                                 : loaded 2 times (x 103B)
Class com.google.common.collect.AbstractMapBasedMultimap$KeySet$1                     : loaded 2 times (x 80B)
Class com.google.common.collect.ImmutableMapEntry$NonTerminalImmutableMapEntry        : loaded 2 times (x 83B)
Class com.google.common.collect.AbstractMapBasedMultimap                              : loaded 2 times (x 137B)


---------------  S Y S T E M  ---------------

OS:
 Windows 11 , 64 bit Build 22621 (10.0.22621.3958)
OS uptime: 5 days 14:00 hours

CPU: total 4 (initial active 4) (2 cores per cpu, 2 threads per core) family 6 model 61 stepping 4 microcode 0x2f, cx8, cmov, fxsr, ht, mmx, 3dnowpref, sse, sse2, sse3, ssse3, sse4.1, sse4.2, popcnt, lzcnt, tsc, tscinvbit, avx, avx2, aes, erms, clmul, bmi1, bmi2, adx, fma, vzeroupper, clflush
Processor Information for all 4 processors :
  Max Mhz: 2401, Current Mhz: 2401, Mhz Limit: 2401

Memory: 4k page, system-wide physical 8106M (376M free)
TotalPageFile size 23271M (AvailPageFile size 50M)
current process WorkingSet (physical memory assigned to process): 547M, peak: 767M
current process commit charge ("private bytes"): 863M, peak: 985M

vm_info: OpenJDK 64-Bit Server VM (17.0.11+1-b1312.2) for windows-amd64 JRE (17.0.11+1-b1312.2), built on 2024-06-08 by "builduser" with MS VC++ 16.10 / 16.11 (VS2019)

END.
